[29-Apr-2026 12:52:12 UTC] PHP Fatal error:  Cannot redeclare anime_shop_admin_scripts() (previously declared in C:\xampp\htdocs\AnimeShop\wp-content\plugins\anime-shop.php:317) in C:\xampp\htdocs\AnimeShop\wp-content\plugins\anime-shop.php on line 973
[29-Apr-2026 12:52:15 UTC] PHP Fatal error:  Cannot redeclare anime_shop_admin_scripts() (previously declared in C:\xampp\htdocs\AnimeShop\wp-content\plugins\anime-shop.php:317) in C:\xampp\htdocs\AnimeShop\wp-content\plugins\anime-shop.php on line 973
[29-Apr-2026 12:52:19 UTC] PHP Fatal error:  Cannot redeclare anime_shop_admin_scripts() (previously declared in C:\xampp\htdocs\AnimeShop\wp-content\plugins\anime-shop.php:317) in C:\xampp\htdocs\AnimeShop\wp-content\plugins\anime-shop.php on line 973
[29-Apr-2026 12:52:23 UTC] PHP Fatal error:  Cannot redeclare anime_shop_admin_scripts() (previously declared in C:\xampp\htdocs\AnimeShop\wp-content\plugins\anime-shop.php:317) in C:\xampp\htdocs\AnimeShop\wp-content\plugins\anime-shop.php on line 973
[29-Apr-2026 12:52:34 UTC] PHP Fatal error:  Cannot redeclare anime_shop_admin_scripts() (previously declared in C:\xampp\htdocs\AnimeShop\wp-content\plugins\anime-shop.php:317) in C:\xampp\htdocs\AnimeShop\wp-content\plugins\anime-shop.php on line 973
[29-Apr-2026 13:12:59 UTC] PHP Fatal error:  Cannot redeclare anime_shop_save_product_data() (previously declared in C:\xampp\htdocs\AnimeShop\wp-content\plugins\anime-shop.php:347) in C:\xampp\htdocs\AnimeShop\wp-content\plugins\anime-shop.php on line 612
[29-Apr-2026 13:14:49 UTC] PHP Fatal error:  Cannot redeclare anime_shop_save_product_data() (previously declared in C:\xampp\htdocs\AnimeShop\wp-content\plugins\anime-shop.php:347) in C:\xampp\htdocs\AnimeShop\wp-content\plugins\anime-shop.php on line 612
[29-Apr-2026 13:14:49 UTC] PHP Fatal error:  Cannot redeclare anime_shop_save_product_data() (previously declared in C:\xampp\htdocs\AnimeShop\wp-content\plugins\anime-shop.php:347) in C:\xampp\htdocs\AnimeShop\wp-content\plugins\anime-shop.php on line 612
[29-Apr-2026 13:14:54 UTC] PHP Fatal error:  Cannot redeclare anime_shop_save_product_data() (previously declared in C:\xampp\htdocs\AnimeShop\wp-content\plugins\anime-shop.php:347) in C:\xampp\htdocs\AnimeShop\wp-content\plugins\anime-shop.php on line 612
[29-Apr-2026 13:52:52 UTC] PHP Deprecated:  Function get_page_by_title is <strong>deprecated</strong> since version 6.2.0! Use WP_Query instead. in C:\xampp\htdocs\AnimeShop\wp-includes\functions.php on line 6131
[29-Apr-2026 13:52:52 UTC] PHP Deprecated:  Function get_page_by_title is <strong>deprecated</strong> since version 6.2.0! Use WP_Query instead. in C:\xampp\htdocs\AnimeShop\wp-includes\functions.php on line 6131
[29-Apr-2026 13:52:52 UTC] PHP Deprecated:  Function get_page_by_title is <strong>deprecated</strong> since version 6.2.0! Use WP_Query instead. in C:\xampp\htdocs\AnimeShop\wp-includes\functions.php on line 6131
[29-Apr-2026 13:52:52 UTC] PHP Deprecated:  Function get_page_by_title is <strong>deprecated</strong> since version 6.2.0! Use WP_Query instead. in C:\xampp\htdocs\AnimeShop\wp-includes\functions.php on line 6131
[29-Apr-2026 13:52:52 UTC] PHP Deprecated:  Function get_page_by_title is <strong>deprecated</strong> since version 6.2.0! Use WP_Query instead. in C:\xampp\htdocs\AnimeShop\wp-includes\functions.php on line 6131
[29-Apr-2026 13:52:52 UTC] PHP Deprecated:  Function get_page_by_title is <strong>deprecated</strong> since version 6.2.0! Use WP_Query instead. in C:\xampp\htdocs\AnimeShop\wp-includes\functions.php on line 6131
[29-Apr-2026 13:52:52 UTC] PHP Deprecated:  Function get_page_by_title is <strong>deprecated</strong> since version 6.2.0! Use WP_Query instead. in C:\xampp\htdocs\AnimeShop\wp-includes\functions.php on line 6131
[29-Apr-2026 13:52:52 UTC] PHP Deprecated:  Function get_page_by_title is <strong>deprecated</strong> since version 6.2.0! Use WP_Query instead. in C:\xampp\htdocs\AnimeShop\wp-includes\functions.php on line 6131
[29-Apr-2026 13:52:52 UTC] PHP Deprecated:  Function get_page_by_title is <strong>deprecated</strong> since version 6.2.0! Use WP_Query instead. in C:\xampp\htdocs\AnimeShop\wp-includes\functions.php on line 6131
[29-Apr-2026 13:52:52 UTC] PHP Deprecated:  Function get_page_by_title is <strong>deprecated</strong> since version 6.2.0! Use WP_Query instead. in C:\xampp\htdocs\AnimeShop\wp-includes\functions.php on line 6131
[29-Apr-2026 13:52:52 UTC] PHP Deprecated:  Function get_page_by_title is <strong>deprecated</strong> since version 6.2.0! Use WP_Query instead. in C:\xampp\htdocs\AnimeShop\wp-includes\functions.php on line 6131
[29-Apr-2026 13:52:52 UTC] PHP Deprecated:  Function get_page_by_title is <strong>deprecated</strong> since version 6.2.0! Use WP_Query instead. in C:\xampp\htdocs\AnimeShop\wp-includes\functions.php on line 6131
[29-Apr-2026 13:52:52 UTC] PHP Deprecated:  Function get_page_by_title is <strong>deprecated</strong> since version 6.2.0! Use WP_Query instead. in C:\xampp\htdocs\AnimeShop\wp-includes\functions.php on line 6131
[29-Apr-2026 13:52:52 UTC] PHP Deprecated:  Function get_page_by_title is <strong>deprecated</strong> since version 6.2.0! Use WP_Query instead. in C:\xampp\htdocs\AnimeShop\wp-includes\functions.php on line 6131
[29-Apr-2026 13:52:53 UTC] PHP Deprecated:  Function get_page_by_title is <strong>deprecated</strong> since version 6.2.0! Use WP_Query instead. in C:\xampp\htdocs\AnimeShop\wp-includes\functions.php on line 6131
[29-Apr-2026 13:52:53 UTC] PHP Deprecated:  Function get_page_by_title is <strong>deprecated</strong> since version 6.2.0! Use WP_Query instead. in C:\xampp\htdocs\AnimeShop\wp-includes\functions.php on line 6131
[29-Apr-2026 13:52:53 UTC] PHP Deprecated:  Function get_page_by_title is <strong>deprecated</strong> since version 6.2.0! Use WP_Query instead. in C:\xampp\htdocs\AnimeShop\wp-includes\functions.php on line 6131
[29-Apr-2026 13:52:53 UTC] PHP Deprecated:  Function get_page_by_title is <strong>deprecated</strong> since version 6.2.0! Use WP_Query instead. in C:\xampp\htdocs\AnimeShop\wp-includes\functions.php on line 6131
[29-Apr-2026 13:52:53 UTC] PHP Deprecated:  Function get_page_by_title is <strong>deprecated</strong> since version 6.2.0! Use WP_Query instead. in C:\xampp\htdocs\AnimeShop\wp-includes\functions.php on line 6131
[29-Apr-2026 13:52:53 UTC] PHP Deprecated:  Function get_page_by_title is <strong>deprecated</strong> since version 6.2.0! Use WP_Query instead. in C:\xampp\htdocs\AnimeShop\wp-includes\functions.php on line 6131
[29-Apr-2026 13:52:53 UTC] PHP Deprecated:  Function get_page_by_title is <strong>deprecated</strong> since version 6.2.0! Use WP_Query instead. in C:\xampp\htdocs\AnimeShop\wp-includes\functions.php on line 6131
[29-Apr-2026 13:52:53 UTC] PHP Deprecated:  Function get_page_by_title is <strong>deprecated</strong> since version 6.2.0! Use WP_Query instead. in C:\xampp\htdocs\AnimeShop\wp-includes\functions.php on line 6131
[29-Apr-2026 13:52:53 UTC] PHP Deprecated:  Function get_page_by_title is <strong>deprecated</strong> since version 6.2.0! Use WP_Query instead. in C:\xampp\htdocs\AnimeShop\wp-includes\functions.php on line 6131
[29-Apr-2026 13:52:53 UTC] PHP Deprecated:  Function get_page_by_title is <strong>deprecated</strong> since version 6.2.0! Use WP_Query instead. in C:\xampp\htdocs\AnimeShop\wp-includes\functions.php on line 6131
[29-Apr-2026 13:52:53 UTC] PHP Deprecated:  Function get_page_by_title is <strong>deprecated</strong> since version 6.2.0! Use WP_Query instead. in C:\xampp\htdocs\AnimeShop\wp-includes\functions.php on line 6131
[29-Apr-2026 13:52:53 UTC] PHP Deprecated:  Function get_page_by_title is <strong>deprecated</strong> since version 6.2.0! Use WP_Query instead. in C:\xampp\htdocs\AnimeShop\wp-includes\functions.php on line 6131
[29-Apr-2026 13:52:53 UTC] PHP Deprecated:  Function get_page_by_title is <strong>deprecated</strong> since version 6.2.0! Use WP_Query instead. in C:\xampp\htdocs\AnimeShop\wp-includes\functions.php on line 6131
[29-Apr-2026 13:52:53 UTC] PHP Deprecated:  Function get_page_by_title is <strong>deprecated</strong> since version 6.2.0! Use WP_Query instead. in C:\xampp\htdocs\AnimeShop\wp-includes\functions.php on line 6131
[29-Apr-2026 13:52:53 UTC] PHP Deprecated:  Function get_page_by_title is <strong>deprecated</strong> since version 6.2.0! Use WP_Query instead. in C:\xampp\htdocs\AnimeShop\wp-includes\functions.php on line 6131
[29-Apr-2026 13:52:53 UTC] PHP Deprecated:  Function get_page_by_title is <strong>deprecated</strong> since version 6.2.0! Use WP_Query instead. in C:\xampp\htdocs\AnimeShop\wp-includes\functions.php on line 6131
[29-Apr-2026 13:52:53 UTC] PHP Deprecated:  Function get_page_by_title is <strong>deprecated</strong> since version 6.2.0! Use WP_Query instead. in C:\xampp\htdocs\AnimeShop\wp-includes\functions.php on line 6131
[29-Apr-2026 13:52:53 UTC] PHP Deprecated:  Function get_page_by_title is <strong>deprecated</strong> since version 6.2.0! Use WP_Query instead. in C:\xampp\htdocs\AnimeShop\wp-includes\functions.php on line 6131
[29-Apr-2026 13:52:54 UTC] PHP Deprecated:  Function get_page_by_title is <strong>deprecated</strong> since version 6.2.0! Use WP_Query instead. in C:\xampp\htdocs\AnimeShop\wp-includes\functions.php on line 6131
[29-Apr-2026 13:52:54 UTC] PHP Deprecated:  Function get_page_by_title is <strong>deprecated</strong> since version 6.2.0! Use WP_Query instead. in C:\xampp\htdocs\AnimeShop\wp-includes\functions.php on line 6131
[29-Apr-2026 13:52:54 UTC] PHP Deprecated:  Function get_page_by_title is <strong>deprecated</strong> since version 6.2.0! Use WP_Query instead. in C:\xampp\htdocs\AnimeShop\wp-includes\functions.php on line 6131
[29-Apr-2026 13:52:54 UTC] PHP Deprecated:  Function get_page_by_title is <strong>deprecated</strong> since version 6.2.0! Use WP_Query instead. in C:\xampp\htdocs\AnimeShop\wp-includes\functions.php on line 6131
[29-Apr-2026 13:52:54 UTC] PHP Deprecated:  Function get_page_by_title is <strong>deprecated</strong> since version 6.2.0! Use WP_Query instead. in C:\xampp\htdocs\AnimeShop\wp-includes\functions.php on line 6131
[29-Apr-2026 13:52:54 UTC] PHP Deprecated:  Function get_page_by_title is <strong>deprecated</strong> since version 6.2.0! Use WP_Query instead. in C:\xampp\htdocs\AnimeShop\wp-includes\functions.php on line 6131
[29-Apr-2026 13:52:54 UTC] PHP Deprecated:  Function get_page_by_title is <strong>deprecated</strong> since version 6.2.0! Use WP_Query instead. in C:\xampp\htdocs\AnimeShop\wp-includes\functions.php on line 6131
[29-Apr-2026 13:52:54 UTC] PHP Deprecated:  Function get_page_by_title is <strong>deprecated</strong> since version 6.2.0! Use WP_Query instead. in C:\xampp\htdocs\AnimeShop\wp-includes\functions.php on line 6131
[29-Apr-2026 13:52:54 UTC] PHP Deprecated:  Function get_page_by_title is <strong>deprecated</strong> since version 6.2.0! Use WP_Query instead. in C:\xampp\htdocs\AnimeShop\wp-includes\functions.php on line 6131
[29-Apr-2026 13:52:54 UTC] PHP Deprecated:  Function get_page_by_title is <strong>deprecated</strong> since version 6.2.0! Use WP_Query instead. in C:\xampp\htdocs\AnimeShop\wp-includes\functions.php on line 6131
[29-Apr-2026 13:52:54 UTC] PHP Deprecated:  Function get_page_by_title is <strong>deprecated</strong> since version 6.2.0! Use WP_Query instead. in C:\xampp\htdocs\AnimeShop\wp-includes\functions.php on line 6131
[29-Apr-2026 13:52:54 UTC] PHP Deprecated:  Function get_page_by_title is <strong>deprecated</strong> since version 6.2.0! Use WP_Query instead. in C:\xampp\htdocs\AnimeShop\wp-includes\functions.php on line 6131
[29-Apr-2026 13:52:54 UTC] PHP Deprecated:  Function get_page_by_title is <strong>deprecated</strong> since version 6.2.0! Use WP_Query instead. in C:\xampp\htdocs\AnimeShop\wp-includes\functions.php on line 6131
[29-Apr-2026 14:55:34 UTC] PHP Deprecated:  Function get_page_by_title is <strong>deprecated</strong> since version 6.2.0! Use WP_Query instead. in C:\xampp\htdocs\AnimeShop\wp-includes\functions.php on line 6131
[29-Apr-2026 14:55:34 UTC] PHP Deprecated:  Function get_page_by_title is <strong>deprecated</strong> since version 6.2.0! Use WP_Query instead. in C:\xampp\htdocs\AnimeShop\wp-includes\functions.php on line 6131
[29-Apr-2026 14:55:34 UTC] PHP Deprecated:  Function get_page_by_title is <strong>deprecated</strong> since version 6.2.0! Use WP_Query instead. in C:\xampp\htdocs\AnimeShop\wp-includes\functions.php on line 6131
[29-Apr-2026 14:55:34 UTC] PHP Deprecated:  Function get_page_by_title is <strong>deprecated</strong> since version 6.2.0! Use WP_Query instead. in C:\xampp\htdocs\AnimeShop\wp-includes\functions.php on line 6131
[29-Apr-2026 14:55:34 UTC] PHP Deprecated:  Function get_page_by_title is <strong>deprecated</strong> since version 6.2.0! Use WP_Query instead. in C:\xampp\htdocs\AnimeShop\wp-includes\functions.php on line 6131
[29-Apr-2026 14:55:34 UTC] PHP Deprecated:  Function get_page_by_title is <strong>deprecated</strong> since version 6.2.0! Use WP_Query instead. in C:\xampp\htdocs\AnimeShop\wp-includes\functions.php on line 6131
[29-Apr-2026 14:55:34 UTC] PHP Deprecated:  Function get_page_by_title is <strong>deprecated</strong> since version 6.2.0! Use WP_Query instead. in C:\xampp\htdocs\AnimeShop\wp-includes\functions.php on line 6131
[29-Apr-2026 14:55:34 UTC] PHP Deprecated:  Function get_page_by_title is <strong>deprecated</strong> since version 6.2.0! Use WP_Query instead. in C:\xampp\htdocs\AnimeShop\wp-includes\functions.php on line 6131
[29-Apr-2026 14:55:34 UTC] PHP Deprecated:  Function get_page_by_title is <strong>deprecated</strong> since version 6.2.0! Use WP_Query instead. in C:\xampp\htdocs\AnimeShop\wp-includes\functions.php on line 6131
[29-Apr-2026 14:55:34 UTC] PHP Deprecated:  Function get_page_by_title is <strong>deprecated</strong> since version 6.2.0! Use WP_Query instead. in C:\xampp\htdocs\AnimeShop\wp-includes\functions.php on line 6131
[29-Apr-2026 14:55:34 UTC] PHP Deprecated:  Function get_page_by_title is <strong>deprecated</strong> since version 6.2.0! Use WP_Query instead. in C:\xampp\htdocs\AnimeShop\wp-includes\functions.php on line 6131
[29-Apr-2026 14:55:34 UTC] PHP Deprecated:  Function get_page_by_title is <strong>deprecated</strong> since version 6.2.0! Use WP_Query instead. in C:\xampp\htdocs\AnimeShop\wp-includes\functions.php on line 6131
[29-Apr-2026 14:55:34 UTC] PHP Deprecated:  Function get_page_by_title is <strong>deprecated</strong> since version 6.2.0! Use WP_Query instead. in C:\xampp\htdocs\AnimeShop\wp-includes\functions.php on line 6131
[29-Apr-2026 14:55:34 UTC] PHP Deprecated:  Function get_page_by_title is <strong>deprecated</strong> since version 6.2.0! Use WP_Query instead. in C:\xampp\htdocs\AnimeShop\wp-includes\functions.php on line 6131
[29-Apr-2026 14:55:34 UTC] PHP Deprecated:  Function get_page_by_title is <strong>deprecated</strong> since version 6.2.0! Use WP_Query instead. in C:\xampp\htdocs\AnimeShop\wp-includes\functions.php on line 6131
[29-Apr-2026 14:55:34 UTC] PHP Deprecated:  Function get_page_by_title is <strong>deprecated</strong> since version 6.2.0! Use WP_Query instead. in C:\xampp\htdocs\AnimeShop\wp-includes\functions.php on line 6131
[29-Apr-2026 14:55:34 UTC] PHP Deprecated:  Function get_page_by_title is <strong>deprecated</strong> since version 6.2.0! Use WP_Query instead. in C:\xampp\htdocs\AnimeShop\wp-includes\functions.php on line 6131
[29-Apr-2026 14:55:34 UTC] PHP Deprecated:  Function get_page_by_title is <strong>deprecated</strong> since version 6.2.0! Use WP_Query instead. in C:\xampp\htdocs\AnimeShop\wp-includes\functions.php on line 6131
[29-Apr-2026 14:55:34 UTC] PHP Deprecated:  Function get_page_by_title is <strong>deprecated</strong> since version 6.2.0! Use WP_Query instead. in C:\xampp\htdocs\AnimeShop\wp-includes\functions.php on line 6131
[29-Apr-2026 14:55:34 UTC] PHP Deprecated:  Function get_page_by_title is <strong>deprecated</strong> since version 6.2.0! Use WP_Query instead. in C:\xampp\htdocs\AnimeShop\wp-includes\functions.php on line 6131
[29-Apr-2026 14:55:34 UTC] PHP Deprecated:  Function get_page_by_title is <strong>deprecated</strong> since version 6.2.0! Use WP_Query instead. in C:\xampp\htdocs\AnimeShop\wp-includes\functions.php on line 6131
[29-Apr-2026 14:55:34 UTC] PHP Deprecated:  Function get_page_by_title is <strong>deprecated</strong> since version 6.2.0! Use WP_Query instead. in C:\xampp\htdocs\AnimeShop\wp-includes\functions.php on line 6131
[29-Apr-2026 14:55:34 UTC] PHP Deprecated:  Function get_page_by_title is <strong>deprecated</strong> since version 6.2.0! Use WP_Query instead. in C:\xampp\htdocs\AnimeShop\wp-includes\functions.php on line 6131
[29-Apr-2026 14:55:34 UTC] PHP Deprecated:  Function get_page_by_title is <strong>deprecated</strong> since version 6.2.0! Use WP_Query instead. in C:\xampp\htdocs\AnimeShop\wp-includes\functions.php on line 6131
[29-Apr-2026 14:55:34 UTC] PHP Deprecated:  Function get_page_by_title is <strong>deprecated</strong> since version 6.2.0! Use WP_Query instead. in C:\xampp\htdocs\AnimeShop\wp-includes\functions.php on line 6131
[29-Apr-2026 14:55:34 UTC] PHP Deprecated:  Function get_page_by_title is <strong>deprecated</strong> since version 6.2.0! Use WP_Query instead. in C:\xampp\htdocs\AnimeShop\wp-includes\functions.php on line 6131
[29-Apr-2026 14:55:34 UTC] PHP Deprecated:  Function get_page_by_title is <strong>deprecated</strong> since version 6.2.0! Use WP_Query instead. in C:\xampp\htdocs\AnimeShop\wp-includes\functions.php on line 6131
[29-Apr-2026 14:55:34 UTC] PHP Deprecated:  Function get_page_by_title is <strong>deprecated</strong> since version 6.2.0! Use WP_Query instead. in C:\xampp\htdocs\AnimeShop\wp-includes\functions.php on line 6131
[29-Apr-2026 14:55:35 UTC] PHP Deprecated:  Function get_page_by_title is <strong>deprecated</strong> since version 6.2.0! Use WP_Query instead. in C:\xampp\htdocs\AnimeShop\wp-includes\functions.php on line 6131
[29-Apr-2026 14:55:35 UTC] PHP Deprecated:  Function get_page_by_title is <strong>deprecated</strong> since version 6.2.0! Use WP_Query instead. in C:\xampp\htdocs\AnimeShop\wp-includes\functions.php on line 6131
[29-Apr-2026 14:55:35 UTC] PHP Deprecated:  Function get_page_by_title is <strong>deprecated</strong> since version 6.2.0! Use WP_Query instead. in C:\xampp\htdocs\AnimeShop\wp-includes\functions.php on line 6131
[29-Apr-2026 14:55:35 UTC] PHP Deprecated:  Function get_page_by_title is <strong>deprecated</strong> since version 6.2.0! Use WP_Query instead. in C:\xampp\htdocs\AnimeShop\wp-includes\functions.php on line 6131
[29-Apr-2026 14:55:35 UTC] PHP Deprecated:  Function get_page_by_title is <strong>deprecated</strong> since version 6.2.0! Use WP_Query instead. in C:\xampp\htdocs\AnimeShop\wp-includes\functions.php on line 6131
[29-Apr-2026 14:55:35 UTC] PHP Deprecated:  Function get_page_by_title is <strong>deprecated</strong> since version 6.2.0! Use WP_Query instead. in C:\xampp\htdocs\AnimeShop\wp-includes\functions.php on line 6131
[29-Apr-2026 14:55:35 UTC] PHP Deprecated:  Function get_page_by_title is <strong>deprecated</strong> since version 6.2.0! Use WP_Query instead. in C:\xampp\htdocs\AnimeShop\wp-includes\functions.php on line 6131
[29-Apr-2026 14:55:35 UTC] PHP Deprecated:  Function get_page_by_title is <strong>deprecated</strong> since version 6.2.0! Use WP_Query instead. in C:\xampp\htdocs\AnimeShop\wp-includes\functions.php on line 6131
[29-Apr-2026 14:55:35 UTC] PHP Deprecated:  Function get_page_by_title is <strong>deprecated</strong> since version 6.2.0! Use WP_Query instead. in C:\xampp\htdocs\AnimeShop\wp-includes\functions.php on line 6131
[29-Apr-2026 14:55:35 UTC] PHP Deprecated:  Function get_page_by_title is <strong>deprecated</strong> since version 6.2.0! Use WP_Query instead. in C:\xampp\htdocs\AnimeShop\wp-includes\functions.php on line 6131
[29-Apr-2026 14:55:35 UTC] PHP Deprecated:  Function get_page_by_title is <strong>deprecated</strong> since version 6.2.0! Use WP_Query instead. in C:\xampp\htdocs\AnimeShop\wp-includes\functions.php on line 6131
[29-Apr-2026 14:55:35 UTC] PHP Deprecated:  Function get_page_by_title is <strong>deprecated</strong> since version 6.2.0! Use WP_Query instead. in C:\xampp\htdocs\AnimeShop\wp-includes\functions.php on line 6131
[29-Apr-2026 14:55:35 UTC] PHP Deprecated:  Function get_page_by_title is <strong>deprecated</strong> since version 6.2.0! Use WP_Query instead. in C:\xampp\htdocs\AnimeShop\wp-includes\functions.php on line 6131
[29-Apr-2026 14:55:35 UTC] PHP Deprecated:  Function get_page_by_title is <strong>deprecated</strong> since version 6.2.0! Use WP_Query instead. in C:\xampp\htdocs\AnimeShop\wp-includes\functions.php on line 6131
[29-Apr-2026 14:55:35 UTC] PHP Deprecated:  Function get_page_by_title is <strong>deprecated</strong> since version 6.2.0! Use WP_Query instead. in C:\xampp\htdocs\AnimeShop\wp-includes\functions.php on line 6131
[29-Apr-2026 14:55:35 UTC] PHP Deprecated:  Function get_page_by_title is <strong>deprecated</strong> since version 6.2.0! Use WP_Query instead. in C:\xampp\htdocs\AnimeShop\wp-includes\functions.php on line 6131
[29-Apr-2026 14:55:35 UTC] PHP Deprecated:  Function get_page_by_title is <strong>deprecated</strong> since version 6.2.0! Use WP_Query instead. in C:\xampp\htdocs\AnimeShop\wp-includes\functions.php on line 6131
[29-Apr-2026 15:15:30 UTC] PHP Deprecated:  Function get_page_by_title is <strong>deprecated</strong> since version 6.2.0! Use WP_Query instead. in C:\xampp\htdocs\AnimeShop\wp-includes\functions.php on line 6131
[29-Apr-2026 15:15:30 UTC] PHP Deprecated:  Function get_page_by_title is <strong>deprecated</strong> since version 6.2.0! Use WP_Query instead. in C:\xampp\htdocs\AnimeShop\wp-includes\functions.php on line 6131
[29-Apr-2026 15:15:30 UTC] PHP Deprecated:  Function get_page_by_title is <strong>deprecated</strong> since version 6.2.0! Use WP_Query instead. in C:\xampp\htdocs\AnimeShop\wp-includes\functions.php on line 6131
[29-Apr-2026 15:15:30 UTC] PHP Deprecated:  Function get_page_by_title is <strong>deprecated</strong> since version 6.2.0! Use WP_Query instead. in C:\xampp\htdocs\AnimeShop\wp-includes\functions.php on line 6131
[29-Apr-2026 15:15:30 UTC] PHP Deprecated:  Function get_page_by_title is <strong>deprecated</strong> since version 6.2.0! Use WP_Query instead. in C:\xampp\htdocs\AnimeShop\wp-includes\functions.php on line 6131
[29-Apr-2026 15:15:30 UTC] PHP Deprecated:  Function get_page_by_title is <strong>deprecated</strong> since version 6.2.0! Use WP_Query instead. in C:\xampp\htdocs\AnimeShop\wp-includes\functions.php on line 6131
[29-Apr-2026 15:15:30 UTC] PHP Deprecated:  Function get_page_by_title is <strong>deprecated</strong> since version 6.2.0! Use WP_Query instead. in C:\xampp\htdocs\AnimeShop\wp-includes\functions.php on line 6131
[29-Apr-2026 15:15:30 UTC] PHP Deprecated:  Function get_page_by_title is <strong>deprecated</strong> since version 6.2.0! Use WP_Query instead. in C:\xampp\htdocs\AnimeShop\wp-includes\functions.php on line 6131
[29-Apr-2026 15:15:30 UTC] PHP Deprecated:  Function get_page_by_title is <strong>deprecated</strong> since version 6.2.0! Use WP_Query instead. in C:\xampp\htdocs\AnimeShop\wp-includes\functions.php on line 6131
[29-Apr-2026 15:15:30 UTC] PHP Deprecated:  Function get_page_by_title is <strong>deprecated</strong> since version 6.2.0! Use WP_Query instead. in C:\xampp\htdocs\AnimeShop\wp-includes\functions.php on line 6131
[29-Apr-2026 15:15:30 UTC] PHP Deprecated:  Function get_page_by_title is <strong>deprecated</strong> since version 6.2.0! Use WP_Query instead. in C:\xampp\htdocs\AnimeShop\wp-includes\functions.php on line 6131
[29-Apr-2026 15:15:30 UTC] PHP Deprecated:  Function get_page_by_title is <strong>deprecated</strong> since version 6.2.0! Use WP_Query instead. in C:\xampp\htdocs\AnimeShop\wp-includes\functions.php on line 6131
[29-Apr-2026 15:15:30 UTC] PHP Deprecated:  Function get_page_by_title is <strong>deprecated</strong> since version 6.2.0! Use WP_Query instead. in C:\xampp\htdocs\AnimeShop\wp-includes\functions.php on line 6131
[29-Apr-2026 15:15:30 UTC] PHP Deprecated:  Function get_page_by_title is <strong>deprecated</strong> since version 6.2.0! Use WP_Query instead. in C:\xampp\htdocs\AnimeShop\wp-includes\functions.php on line 6131
[29-Apr-2026 15:15:30 UTC] PHP Deprecated:  Function get_page_by_title is <strong>deprecated</strong> since version 6.2.0! Use WP_Query instead. in C:\xampp\htdocs\AnimeShop\wp-includes\functions.php on line 6131
[29-Apr-2026 15:15:30 UTC] PHP Deprecated:  Function get_page_by_title is <strong>deprecated</strong> since version 6.2.0! Use WP_Query instead. in C:\xampp\htdocs\AnimeShop\wp-includes\functions.php on line 6131
[29-Apr-2026 15:15:30 UTC] PHP Deprecated:  Function get_page_by_title is <strong>deprecated</strong> since version 6.2.0! Use WP_Query instead. in C:\xampp\htdocs\AnimeShop\wp-includes\functions.php on line 6131
[29-Apr-2026 15:15:30 UTC] PHP Deprecated:  Function get_page_by_title is <strong>deprecated</strong> since version 6.2.0! Use WP_Query instead. in C:\xampp\htdocs\AnimeShop\wp-includes\functions.php on line 6131
[29-Apr-2026 15:15:30 UTC] PHP Deprecated:  Function get_page_by_title is <strong>deprecated</strong> since version 6.2.0! Use WP_Query instead. in C:\xampp\htdocs\AnimeShop\wp-includes\functions.php on line 6131
[29-Apr-2026 15:15:30 UTC] PHP Deprecated:  Function get_page_by_title is <strong>deprecated</strong> since version 6.2.0! Use WP_Query instead. in C:\xampp\htdocs\AnimeShop\wp-includes\functions.php on line 6131
[29-Apr-2026 15:15:30 UTC] PHP Deprecated:  Function get_page_by_title is <strong>deprecated</strong> since version 6.2.0! Use WP_Query instead. in C:\xampp\htdocs\AnimeShop\wp-includes\functions.php on line 6131
[29-Apr-2026 15:15:30 UTC] PHP Deprecated:  Function get_page_by_title is <strong>deprecated</strong> since version 6.2.0! Use WP_Query instead. in C:\xampp\htdocs\AnimeShop\wp-includes\functions.php on line 6131
[29-Apr-2026 15:15:30 UTC] PHP Deprecated:  Function get_page_by_title is <strong>deprecated</strong> since version 6.2.0! Use WP_Query instead. in C:\xampp\htdocs\AnimeShop\wp-includes\functions.php on line 6131
[29-Apr-2026 15:15:30 UTC] PHP Deprecated:  Function get_page_by_title is <strong>deprecated</strong> since version 6.2.0! Use WP_Query instead. in C:\xampp\htdocs\AnimeShop\wp-includes\functions.php on line 6131
[29-Apr-2026 15:15:30 UTC] PHP Deprecated:  Function get_page_by_title is <strong>deprecated</strong> since version 6.2.0! Use WP_Query instead. in C:\xampp\htdocs\AnimeShop\wp-includes\functions.php on line 6131
[29-Apr-2026 15:15:30 UTC] PHP Deprecated:  Function get_page_by_title is <strong>deprecated</strong> since version 6.2.0! Use WP_Query instead. in C:\xampp\htdocs\AnimeShop\wp-includes\functions.php on line 6131
[29-Apr-2026 15:15:30 UTC] PHP Deprecated:  Function get_page_by_title is <strong>deprecated</strong> since version 6.2.0! Use WP_Query instead. in C:\xampp\htdocs\AnimeShop\wp-includes\functions.php on line 6131
[29-Apr-2026 15:15:30 UTC] PHP Deprecated:  Function get_page_by_title is <strong>deprecated</strong> since version 6.2.0! Use WP_Query instead. in C:\xampp\htdocs\AnimeShop\wp-includes\functions.php on line 6131
[29-Apr-2026 15:15:30 UTC] PHP Deprecated:  Function get_page_by_title is <strong>deprecated</strong> since version 6.2.0! Use WP_Query instead. in C:\xampp\htdocs\AnimeShop\wp-includes\functions.php on line 6131
[29-Apr-2026 15:15:30 UTC] PHP Deprecated:  Function get_page_by_title is <strong>deprecated</strong> since version 6.2.0! Use WP_Query instead. in C:\xampp\htdocs\AnimeShop\wp-includes\functions.php on line 6131
[29-Apr-2026 15:15:30 UTC] PHP Deprecated:  Function get_page_by_title is <strong>deprecated</strong> since version 6.2.0! Use WP_Query instead. in C:\xampp\htdocs\AnimeShop\wp-includes\functions.php on line 6131
[29-Apr-2026 15:15:30 UTC] PHP Deprecated:  Function get_page_by_title is <strong>deprecated</strong> since version 6.2.0! Use WP_Query instead. in C:\xampp\htdocs\AnimeShop\wp-includes\functions.php on line 6131
[29-Apr-2026 15:15:30 UTC] PHP Deprecated:  Function get_page_by_title is <strong>deprecated</strong> since version 6.2.0! Use WP_Query instead. in C:\xampp\htdocs\AnimeShop\wp-includes\functions.php on line 6131
[29-Apr-2026 15:15:30 UTC] PHP Deprecated:  Function get_page_by_title is <strong>deprecated</strong> since version 6.2.0! Use WP_Query instead. in C:\xampp\htdocs\AnimeShop\wp-includes\functions.php on line 6131
[29-Apr-2026 15:15:31 UTC] PHP Deprecated:  Function get_page_by_title is <strong>deprecated</strong> since version 6.2.0! Use WP_Query instead. in C:\xampp\htdocs\AnimeShop\wp-includes\functions.php on line 6131
[29-Apr-2026 15:15:31 UTC] PHP Deprecated:  Function get_page_by_title is <strong>deprecated</strong> since version 6.2.0! Use WP_Query instead. in C:\xampp\htdocs\AnimeShop\wp-includes\functions.php on line 6131
[29-Apr-2026 15:15:31 UTC] PHP Deprecated:  Function get_page_by_title is <strong>deprecated</strong> since version 6.2.0! Use WP_Query instead. in C:\xampp\htdocs\AnimeShop\wp-includes\functions.php on line 6131
[29-Apr-2026 15:15:31 UTC] PHP Deprecated:  Function get_page_by_title is <strong>deprecated</strong> since version 6.2.0! Use WP_Query instead. in C:\xampp\htdocs\AnimeShop\wp-includes\functions.php on line 6131
[29-Apr-2026 15:15:31 UTC] PHP Deprecated:  Function get_page_by_title is <strong>deprecated</strong> since version 6.2.0! Use WP_Query instead. in C:\xampp\htdocs\AnimeShop\wp-includes\functions.php on line 6131
[29-Apr-2026 15:15:31 UTC] PHP Deprecated:  Function get_page_by_title is <strong>deprecated</strong> since version 6.2.0! Use WP_Query instead. in C:\xampp\htdocs\AnimeShop\wp-includes\functions.php on line 6131
[29-Apr-2026 15:15:31 UTC] PHP Deprecated:  Function get_page_by_title is <strong>deprecated</strong> since version 6.2.0! Use WP_Query instead. in C:\xampp\htdocs\AnimeShop\wp-includes\functions.php on line 6131
[29-Apr-2026 15:15:31 UTC] PHP Deprecated:  Function get_page_by_title is <strong>deprecated</strong> since version 6.2.0! Use WP_Query instead. in C:\xampp\htdocs\AnimeShop\wp-includes\functions.php on line 6131
[29-Apr-2026 15:15:31 UTC] PHP Deprecated:  Function get_page_by_title is <strong>deprecated</strong> since version 6.2.0! Use WP_Query instead. in C:\xampp\htdocs\AnimeShop\wp-includes\functions.php on line 6131
[29-Apr-2026 15:15:31 UTC] PHP Deprecated:  Function get_page_by_title is <strong>deprecated</strong> since version 6.2.0! Use WP_Query instead. in C:\xampp\htdocs\AnimeShop\wp-includes\functions.php on line 6131
[29-Apr-2026 15:15:31 UTC] PHP Deprecated:  Function get_page_by_title is <strong>deprecated</strong> since version 6.2.0! Use WP_Query instead. in C:\xampp\htdocs\AnimeShop\wp-includes\functions.php on line 6131
[29-Apr-2026 15:25:27 UTC] PHP Deprecated:  strpos(): Passing null to parameter #1 ($haystack) of type string is deprecated in C:\xampp\htdocs\AnimeShop\wp-includes\functions.php on line 7374
[29-Apr-2026 15:25:27 UTC] PHP Deprecated:  str_replace(): Passing null to parameter #3 ($subject) of type array|string is deprecated in C:\xampp\htdocs\AnimeShop\wp-includes\functions.php on line 2196
[29-Apr-2026 15:25:30 UTC] PHP Deprecated:  strpos(): Passing null to parameter #1 ($haystack) of type string is deprecated in C:\xampp\htdocs\AnimeShop\wp-includes\functions.php on line 7374
[29-Apr-2026 15:25:30 UTC] PHP Deprecated:  str_replace(): Passing null to parameter #3 ($subject) of type array|string is deprecated in C:\xampp\htdocs\AnimeShop\wp-includes\functions.php on line 2196
[29-Apr-2026 15:25:30 UTC] PHP Deprecated:  strip_tags(): Passing null to parameter #1 ($string) of type string is deprecated in C:\xampp\htdocs\AnimeShop\wp-admin\admin-header.php on line 41
[29-Apr-2026 15:25:34 UTC] PHP Deprecated:  strpos(): Passing null to parameter #1 ($haystack) of type string is deprecated in C:\xampp\htdocs\AnimeShop\wp-includes\functions.php on line 7374
[29-Apr-2026 15:25:34 UTC] PHP Deprecated:  str_replace(): Passing null to parameter #3 ($subject) of type array|string is deprecated in C:\xampp\htdocs\AnimeShop\wp-includes\functions.php on line 2196
[29-Apr-2026 15:26:09 UTC] PHP Deprecated:  strpos(): Passing null to parameter #1 ($haystack) of type string is deprecated in C:\xampp\htdocs\AnimeShop\wp-includes\functions.php on line 7374
[29-Apr-2026 15:26:09 UTC] PHP Deprecated:  str_replace(): Passing null to parameter #3 ($subject) of type array|string is deprecated in C:\xampp\htdocs\AnimeShop\wp-includes\functions.php on line 2196
[29-Apr-2026 15:37:11 UTC] PHP Deprecated:  strpos(): Passing null to parameter #1 ($haystack) of type string is deprecated in C:\xampp\htdocs\AnimeShop\wp-includes\functions.php on line 7374
[29-Apr-2026 15:37:11 UTC] PHP Deprecated:  str_replace(): Passing null to parameter #3 ($subject) of type array|string is deprecated in C:\xampp\htdocs\AnimeShop\wp-includes\functions.php on line 2196
[29-Apr-2026 15:37:26 UTC] PHP Deprecated:  strpos(): Passing null to parameter #1 ($haystack) of type string is deprecated in C:\xampp\htdocs\AnimeShop\wp-includes\functions.php on line 7374
[29-Apr-2026 15:37:26 UTC] PHP Deprecated:  str_replace(): Passing null to parameter #3 ($subject) of type array|string is deprecated in C:\xampp\htdocs\AnimeShop\wp-includes\functions.php on line 2196
[29-Apr-2026 15:37:29 UTC] PHP Deprecated:  strpos(): Passing null to parameter #1 ($haystack) of type string is deprecated in C:\xampp\htdocs\AnimeShop\wp-includes\functions.php on line 7374
[29-Apr-2026 15:37:29 UTC] PHP Deprecated:  str_replace(): Passing null to parameter #3 ($subject) of type array|string is deprecated in C:\xampp\htdocs\AnimeShop\wp-includes\functions.php on line 2196
[29-Apr-2026 17:01:40 UTC] PHP Deprecated:  strpos(): Passing null to parameter #1 ($haystack) of type string is deprecated in C:\xampp\htdocs\AnimeShop\wp-includes\functions.php on line 7374
[29-Apr-2026 17:01:40 UTC] PHP Deprecated:  str_replace(): Passing null to parameter #3 ($subject) of type array|string is deprecated in C:\xampp\htdocs\AnimeShop\wp-includes\functions.php on line 2196
[29-Apr-2026 17:01:42 UTC] PHP Deprecated:  strpos(): Passing null to parameter #1 ($haystack) of type string is deprecated in C:\xampp\htdocs\AnimeShop\wp-includes\functions.php on line 7374
[29-Apr-2026 17:01:42 UTC] PHP Deprecated:  str_replace(): Passing null to parameter #3 ($subject) of type array|string is deprecated in C:\xampp\htdocs\AnimeShop\wp-includes\functions.php on line 2196
[29-Apr-2026 17:01:44 UTC] PHP Deprecated:  strpos(): Passing null to parameter #1 ($haystack) of type string is deprecated in C:\xampp\htdocs\AnimeShop\wp-includes\functions.php on line 7374
[29-Apr-2026 17:01:44 UTC] PHP Deprecated:  str_replace(): Passing null to parameter #3 ($subject) of type array|string is deprecated in C:\xampp\htdocs\AnimeShop\wp-includes\functions.php on line 2196
[29-Apr-2026 17:01:46 UTC] PHP Deprecated:  strpos(): Passing null to parameter #1 ($haystack) of type string is deprecated in C:\xampp\htdocs\AnimeShop\wp-includes\functions.php on line 7374
[29-Apr-2026 17:01:46 UTC] PHP Deprecated:  str_replace(): Passing null to parameter #3 ($subject) of type array|string is deprecated in C:\xampp\htdocs\AnimeShop\wp-includes\functions.php on line 2196
[29-Apr-2026 17:01:48 UTC] PHP Deprecated:  strpos(): Passing null to parameter #1 ($haystack) of type string is deprecated in C:\xampp\htdocs\AnimeShop\wp-includes\functions.php on line 7374
[29-Apr-2026 17:01:48 UTC] PHP Deprecated:  str_replace(): Passing null to parameter #3 ($subject) of type array|string is deprecated in C:\xampp\htdocs\AnimeShop\wp-includes\functions.php on line 2196
[29-Apr-2026 17:06:41 UTC] PHP Deprecated:  strpos(): Passing null to parameter #1 ($haystack) of type string is deprecated in C:\xampp\htdocs\AnimeShop\wp-includes\functions.php on line 7374
[29-Apr-2026 17:06:41 UTC] PHP Deprecated:  str_replace(): Passing null to parameter #3 ($subject) of type array|string is deprecated in C:\xampp\htdocs\AnimeShop\wp-includes\functions.php on line 2196
[29-Apr-2026 17:06:43 UTC] PHP Deprecated:  strpos(): Passing null to parameter #1 ($haystack) of type string is deprecated in C:\xampp\htdocs\AnimeShop\wp-includes\functions.php on line 7374
[29-Apr-2026 17:06:43 UTC] PHP Deprecated:  str_replace(): Passing null to parameter #3 ($subject) of type array|string is deprecated in C:\xampp\htdocs\AnimeShop\wp-includes\functions.php on line 2196
[29-Apr-2026 17:06:45 UTC] PHP Deprecated:  strpos(): Passing null to parameter #1 ($haystack) of type string is deprecated in C:\xampp\htdocs\AnimeShop\wp-includes\functions.php on line 7374
[29-Apr-2026 17:06:45 UTC] PHP Deprecated:  str_replace(): Passing null to parameter #3 ($subject) of type array|string is deprecated in C:\xampp\htdocs\AnimeShop\wp-includes\functions.php on line 2196
[29-Apr-2026 17:09:05 UTC] PHP Deprecated:  strpos(): Passing null to parameter #1 ($haystack) of type string is deprecated in C:\xampp\htdocs\AnimeShop\wp-includes\functions.php on line 7374
[29-Apr-2026 17:09:05 UTC] PHP Deprecated:  str_replace(): Passing null to parameter #3 ($subject) of type array|string is deprecated in C:\xampp\htdocs\AnimeShop\wp-includes\functions.php on line 2196
[29-Apr-2026 17:09:13 UTC] PHP Deprecated:  strpos(): Passing null to parameter #1 ($haystack) of type string is deprecated in C:\xampp\htdocs\AnimeShop\wp-includes\functions.php on line 7374
[29-Apr-2026 17:09:13 UTC] PHP Deprecated:  str_replace(): Passing null to parameter #3 ($subject) of type array|string is deprecated in C:\xampp\htdocs\AnimeShop\wp-includes\functions.php on line 2196
[29-Apr-2026 17:09:15 UTC] PHP Deprecated:  strpos(): Passing null to parameter #1 ($haystack) of type string is deprecated in C:\xampp\htdocs\AnimeShop\wp-includes\functions.php on line 7374
[29-Apr-2026 17:09:15 UTC] PHP Deprecated:  str_replace(): Passing null to parameter #3 ($subject) of type array|string is deprecated in C:\xampp\htdocs\AnimeShop\wp-includes\functions.php on line 2196
[29-Apr-2026 17:09:29 UTC] PHP Deprecated:  strpos(): Passing null to parameter #1 ($haystack) of type string is deprecated in C:\xampp\htdocs\AnimeShop\wp-includes\functions.php on line 7374
[29-Apr-2026 17:09:29 UTC] PHP Deprecated:  str_replace(): Passing null to parameter #3 ($subject) of type array|string is deprecated in C:\xampp\htdocs\AnimeShop\wp-includes\functions.php on line 2196
[29-Apr-2026 17:15:09 UTC] PHP Deprecated:  strpos(): Passing null to parameter #1 ($haystack) of type string is deprecated in C:\xampp\htdocs\AnimeShop\wp-includes\functions.php on line 7374
[29-Apr-2026 17:15:09 UTC] PHP Deprecated:  str_replace(): Passing null to parameter #3 ($subject) of type array|string is deprecated in C:\xampp\htdocs\AnimeShop\wp-includes\functions.php on line 2196
[29-Apr-2026 17:15:13 UTC] PHP Deprecated:  strpos(): Passing null to parameter #1 ($haystack) of type string is deprecated in C:\xampp\htdocs\AnimeShop\wp-includes\functions.php on line 7374
[29-Apr-2026 17:15:13 UTC] PHP Deprecated:  str_replace(): Passing null to parameter #3 ($subject) of type array|string is deprecated in C:\xampp\htdocs\AnimeShop\wp-includes\functions.php on line 2196
[29-Apr-2026 17:15:18 UTC] PHP Deprecated:  strpos(): Passing null to parameter #1 ($haystack) of type string is deprecated in C:\xampp\htdocs\AnimeShop\wp-includes\functions.php on line 7374
[29-Apr-2026 17:15:18 UTC] PHP Deprecated:  str_replace(): Passing null to parameter #3 ($subject) of type array|string is deprecated in C:\xampp\htdocs\AnimeShop\wp-includes\functions.php on line 2196
[29-Apr-2026 17:15:21 UTC] PHP Deprecated:  strpos(): Passing null to parameter #1 ($haystack) of type string is deprecated in C:\xampp\htdocs\AnimeShop\wp-includes\functions.php on line 7374
[29-Apr-2026 17:15:21 UTC] PHP Deprecated:  str_replace(): Passing null to parameter #3 ($subject) of type array|string is deprecated in C:\xampp\htdocs\AnimeShop\wp-includes\functions.php on line 2196
[29-Apr-2026 17:15:24 UTC] PHP Deprecated:  strpos(): Passing null to parameter #1 ($haystack) of type string is deprecated in C:\xampp\htdocs\AnimeShop\wp-includes\functions.php on line 7374
[29-Apr-2026 17:15:24 UTC] PHP Deprecated:  str_replace(): Passing null to parameter #3 ($subject) of type array|string is deprecated in C:\xampp\htdocs\AnimeShop\wp-includes\functions.php on line 2196
[29-Apr-2026 17:15:26 UTC] PHP Deprecated:  strpos(): Passing null to parameter #1 ($haystack) of type string is deprecated in C:\xampp\htdocs\AnimeShop\wp-includes\functions.php on line 7374
[29-Apr-2026 17:15:26 UTC] PHP Deprecated:  str_replace(): Passing null to parameter #3 ($subject) of type array|string is deprecated in C:\xampp\htdocs\AnimeShop\wp-includes\functions.php on line 2196
[29-Apr-2026 17:15:29 UTC] PHP Deprecated:  strpos(): Passing null to parameter #1 ($haystack) of type string is deprecated in C:\xampp\htdocs\AnimeShop\wp-includes\functions.php on line 7374
[29-Apr-2026 17:15:29 UTC] PHP Deprecated:  str_replace(): Passing null to parameter #3 ($subject) of type array|string is deprecated in C:\xampp\htdocs\AnimeShop\wp-includes\functions.php on line 2196
[29-Apr-2026 17:15:36 UTC] PHP Deprecated:  strpos(): Passing null to parameter #1 ($haystack) of type string is deprecated in C:\xampp\htdocs\AnimeShop\wp-includes\functions.php on line 7374
[29-Apr-2026 17:15:36 UTC] PHP Deprecated:  str_replace(): Passing null to parameter #3 ($subject) of type array|string is deprecated in C:\xampp\htdocs\AnimeShop\wp-includes\functions.php on line 2196
[29-Apr-2026 17:15:59 UTC] PHP Deprecated:  strpos(): Passing null to parameter #1 ($haystack) of type string is deprecated in C:\xampp\htdocs\AnimeShop\wp-includes\functions.php on line 7374
[29-Apr-2026 17:15:59 UTC] PHP Deprecated:  str_replace(): Passing null to parameter #3 ($subject) of type array|string is deprecated in C:\xampp\htdocs\AnimeShop\wp-includes\functions.php on line 2196
[29-Apr-2026 17:16:01 UTC] PHP Deprecated:  Function get_page_by_title is <strong>deprecated</strong> since version 6.2.0! Use WP_Query instead. in C:\xampp\htdocs\AnimeShop\wp-includes\functions.php on line 6131
[29-Apr-2026 17:16:01 UTC] PHP Deprecated:  Function get_page_by_title is <strong>deprecated</strong> since version 6.2.0! Use WP_Query instead. in C:\xampp\htdocs\AnimeShop\wp-includes\functions.php on line 6131
[29-Apr-2026 17:16:01 UTC] PHP Deprecated:  Function get_page_by_title is <strong>deprecated</strong> since version 6.2.0! Use WP_Query instead. in C:\xampp\htdocs\AnimeShop\wp-includes\functions.php on line 6131
[29-Apr-2026 17:16:02 UTC] PHP Deprecated:  Function get_page_by_title is <strong>deprecated</strong> since version 6.2.0! Use WP_Query instead. in C:\xampp\htdocs\AnimeShop\wp-includes\functions.php on line 6131
[29-Apr-2026 17:16:02 UTC] PHP Deprecated:  Function get_page_by_title is <strong>deprecated</strong> since version 6.2.0! Use WP_Query instead. in C:\xampp\htdocs\AnimeShop\wp-includes\functions.php on line 6131
[29-Apr-2026 17:16:02 UTC] PHP Deprecated:  Function get_page_by_title is <strong>deprecated</strong> since version 6.2.0! Use WP_Query instead. in C:\xampp\htdocs\AnimeShop\wp-includes\functions.php on line 6131
[29-Apr-2026 17:16:02 UTC] PHP Deprecated:  Function get_page_by_title is <strong>deprecated</strong> since version 6.2.0! Use WP_Query instead. in C:\xampp\htdocs\AnimeShop\wp-includes\functions.php on line 6131
[29-Apr-2026 17:16:02 UTC] PHP Deprecated:  Function get_page_by_title is <strong>deprecated</strong> since version 6.2.0! Use WP_Query instead. in C:\xampp\htdocs\AnimeShop\wp-includes\functions.php on line 6131
[29-Apr-2026 17:16:02 UTC] PHP Deprecated:  Function get_page_by_title is <strong>deprecated</strong> since version 6.2.0! Use WP_Query instead. in C:\xampp\htdocs\AnimeShop\wp-includes\functions.php on line 6131
[29-Apr-2026 17:16:02 UTC] PHP Deprecated:  Function get_page_by_title is <strong>deprecated</strong> since version 6.2.0! Use WP_Query instead. in C:\xampp\htdocs\AnimeShop\wp-includes\functions.php on line 6131
[29-Apr-2026 17:16:02 UTC] PHP Deprecated:  Function get_page_by_title is <strong>deprecated</strong> since version 6.2.0! Use WP_Query instead. in C:\xampp\htdocs\AnimeShop\wp-includes\functions.php on line 6131
[29-Apr-2026 17:16:02 UTC] PHP Deprecated:  Function get_page_by_title is <strong>deprecated</strong> since version 6.2.0! Use WP_Query instead. in C:\xampp\htdocs\AnimeShop\wp-includes\functions.php on line 6131
[29-Apr-2026 17:16:02 UTC] PHP Deprecated:  Function get_page_by_title is <strong>deprecated</strong> since version 6.2.0! Use WP_Query instead. in C:\xampp\htdocs\AnimeShop\wp-includes\functions.php on line 6131
[29-Apr-2026 17:16:02 UTC] PHP Deprecated:  Function get_page_by_title is <strong>deprecated</strong> since version 6.2.0! Use WP_Query instead. in C:\xampp\htdocs\AnimeShop\wp-includes\functions.php on line 6131
[29-Apr-2026 17:16:02 UTC] PHP Deprecated:  Function get_page_by_title is <strong>deprecated</strong> since version 6.2.0! Use WP_Query instead. in C:\xampp\htdocs\AnimeShop\wp-includes\functions.php on line 6131
[29-Apr-2026 17:16:02 UTC] PHP Deprecated:  Function get_page_by_title is <strong>deprecated</strong> since version 6.2.0! Use WP_Query instead. in C:\xampp\htdocs\AnimeShop\wp-includes\functions.php on line 6131
[29-Apr-2026 17:16:02 UTC] PHP Deprecated:  Function get_page_by_title is <strong>deprecated</strong> since version 6.2.0! Use WP_Query instead. in C:\xampp\htdocs\AnimeShop\wp-includes\functions.php on line 6131
[29-Apr-2026 17:16:02 UTC] PHP Deprecated:  Function get_page_by_title is <strong>deprecated</strong> since version 6.2.0! Use WP_Query instead. in C:\xampp\htdocs\AnimeShop\wp-includes\functions.php on line 6131
[29-Apr-2026 17:16:02 UTC] PHP Deprecated:  Function get_page_by_title is <strong>deprecated</strong> since version 6.2.0! Use WP_Query instead. in C:\xampp\htdocs\AnimeShop\wp-includes\functions.php on line 6131
[29-Apr-2026 17:16:02 UTC] PHP Deprecated:  Function get_page_by_title is <strong>deprecated</strong> since version 6.2.0! Use WP_Query instead. in C:\xampp\htdocs\AnimeShop\wp-includes\functions.php on line 6131
[29-Apr-2026 17:16:02 UTC] PHP Deprecated:  Function get_page_by_title is <strong>deprecated</strong> since version 6.2.0! Use WP_Query instead. in C:\xampp\htdocs\AnimeShop\wp-includes\functions.php on line 6131
[29-Apr-2026 17:16:02 UTC] PHP Deprecated:  Function get_page_by_title is <strong>deprecated</strong> since version 6.2.0! Use WP_Query instead. in C:\xampp\htdocs\AnimeShop\wp-includes\functions.php on line 6131
[29-Apr-2026 17:16:02 UTC] PHP Deprecated:  Function get_page_by_title is <strong>deprecated</strong> since version 6.2.0! Use WP_Query instead. in C:\xampp\htdocs\AnimeShop\wp-includes\functions.php on line 6131
[29-Apr-2026 17:16:02 UTC] PHP Deprecated:  Function get_page_by_title is <strong>deprecated</strong> since version 6.2.0! Use WP_Query instead. in C:\xampp\htdocs\AnimeShop\wp-includes\functions.php on line 6131
[29-Apr-2026 17:16:02 UTC] PHP Deprecated:  Function get_page_by_title is <strong>deprecated</strong> since version 6.2.0! Use WP_Query instead. in C:\xampp\htdocs\AnimeShop\wp-includes\functions.php on line 6131
[29-Apr-2026 17:16:02 UTC] PHP Deprecated:  Function get_page_by_title is <strong>deprecated</strong> since version 6.2.0! Use WP_Query instead. in C:\xampp\htdocs\AnimeShop\wp-includes\functions.php on line 6131
[29-Apr-2026 17:16:02 UTC] PHP Deprecated:  Function get_page_by_title is <strong>deprecated</strong> since version 6.2.0! Use WP_Query instead. in C:\xampp\htdocs\AnimeShop\wp-includes\functions.php on line 6131
[29-Apr-2026 17:16:02 UTC] PHP Deprecated:  Function get_page_by_title is <strong>deprecated</strong> since version 6.2.0! Use WP_Query instead. in C:\xampp\htdocs\AnimeShop\wp-includes\functions.php on line 6131
[29-Apr-2026 17:16:02 UTC] PHP Deprecated:  Function get_page_by_title is <strong>deprecated</strong> since version 6.2.0! Use WP_Query instead. in C:\xampp\htdocs\AnimeShop\wp-includes\functions.php on line 6131
[29-Apr-2026 17:16:02 UTC] PHP Deprecated:  Function get_page_by_title is <strong>deprecated</strong> since version 6.2.0! Use WP_Query instead. in C:\xampp\htdocs\AnimeShop\wp-includes\functions.php on line 6131
[29-Apr-2026 17:16:02 UTC] PHP Deprecated:  Function get_page_by_title is <strong>deprecated</strong> since version 6.2.0! Use WP_Query instead. in C:\xampp\htdocs\AnimeShop\wp-includes\functions.php on line 6131
[29-Apr-2026 17:16:02 UTC] PHP Deprecated:  Function get_page_by_title is <strong>deprecated</strong> since version 6.2.0! Use WP_Query instead. in C:\xampp\htdocs\AnimeShop\wp-includes\functions.php on line 6131
[29-Apr-2026 17:16:02 UTC] PHP Deprecated:  Function get_page_by_title is <strong>deprecated</strong> since version 6.2.0! Use WP_Query instead. in C:\xampp\htdocs\AnimeShop\wp-includes\functions.php on line 6131
[29-Apr-2026 17:16:02 UTC] PHP Deprecated:  Function get_page_by_title is <strong>deprecated</strong> since version 6.2.0! Use WP_Query instead. in C:\xampp\htdocs\AnimeShop\wp-includes\functions.php on line 6131
[29-Apr-2026 17:16:02 UTC] PHP Deprecated:  Function get_page_by_title is <strong>deprecated</strong> since version 6.2.0! Use WP_Query instead. in C:\xampp\htdocs\AnimeShop\wp-includes\functions.php on line 6131
[29-Apr-2026 17:16:02 UTC] PHP Deprecated:  Function get_page_by_title is <strong>deprecated</strong> since version 6.2.0! Use WP_Query instead. in C:\xampp\htdocs\AnimeShop\wp-includes\functions.php on line 6131
[29-Apr-2026 17:16:02 UTC] PHP Deprecated:  Function get_page_by_title is <strong>deprecated</strong> since version 6.2.0! Use WP_Query instead. in C:\xampp\htdocs\AnimeShop\wp-includes\functions.php on line 6131
[29-Apr-2026 17:16:02 UTC] PHP Deprecated:  Function get_page_by_title is <strong>deprecated</strong> since version 6.2.0! Use WP_Query instead. in C:\xampp\htdocs\AnimeShop\wp-includes\functions.php on line 6131
[29-Apr-2026 17:16:02 UTC] PHP Deprecated:  Function get_page_by_title is <strong>deprecated</strong> since version 6.2.0! Use WP_Query instead. in C:\xampp\htdocs\AnimeShop\wp-includes\functions.php on line 6131
[29-Apr-2026 17:16:02 UTC] PHP Deprecated:  Function get_page_by_title is <strong>deprecated</strong> since version 6.2.0! Use WP_Query instead. in C:\xampp\htdocs\AnimeShop\wp-includes\functions.php on line 6131
[29-Apr-2026 17:16:02 UTC] PHP Deprecated:  Function get_page_by_title is <strong>deprecated</strong> since version 6.2.0! Use WP_Query instead. in C:\xampp\htdocs\AnimeShop\wp-includes\functions.php on line 6131
[29-Apr-2026 17:16:02 UTC] PHP Deprecated:  Function get_page_by_title is <strong>deprecated</strong> since version 6.2.0! Use WP_Query instead. in C:\xampp\htdocs\AnimeShop\wp-includes\functions.php on line 6131
[29-Apr-2026 17:16:02 UTC] PHP Deprecated:  Function get_page_by_title is <strong>deprecated</strong> since version 6.2.0! Use WP_Query instead. in C:\xampp\htdocs\AnimeShop\wp-includes\functions.php on line 6131
[29-Apr-2026 17:16:02 UTC] PHP Deprecated:  Function get_page_by_title is <strong>deprecated</strong> since version 6.2.0! Use WP_Query instead. in C:\xampp\htdocs\AnimeShop\wp-includes\functions.php on line 6131
[29-Apr-2026 17:16:02 UTC] PHP Deprecated:  Function get_page_by_title is <strong>deprecated</strong> since version 6.2.0! Use WP_Query instead. in C:\xampp\htdocs\AnimeShop\wp-includes\functions.php on line 6131
[29-Apr-2026 17:16:03 UTC] PHP Deprecated:  strpos(): Passing null to parameter #1 ($haystack) of type string is deprecated in C:\xampp\htdocs\AnimeShop\wp-includes\functions.php on line 7374
[29-Apr-2026 17:16:03 UTC] PHP Deprecated:  str_replace(): Passing null to parameter #3 ($subject) of type array|string is deprecated in C:\xampp\htdocs\AnimeShop\wp-includes\functions.php on line 2196
[29-Apr-2026 17:16:08 UTC] PHP Deprecated:  strpos(): Passing null to parameter #1 ($haystack) of type string is deprecated in C:\xampp\htdocs\AnimeShop\wp-includes\functions.php on line 7374
[29-Apr-2026 17:16:08 UTC] PHP Deprecated:  str_replace(): Passing null to parameter #3 ($subject) of type array|string is deprecated in C:\xampp\htdocs\AnimeShop\wp-includes\functions.php on line 2196
[29-Apr-2026 17:25:59 UTC] PHP Deprecated:  strpos(): Passing null to parameter #1 ($haystack) of type string is deprecated in C:\xampp\htdocs\AnimeShop\wp-includes\functions.php on line 7374
[29-Apr-2026 17:25:59 UTC] PHP Deprecated:  str_replace(): Passing null to parameter #3 ($subject) of type array|string is deprecated in C:\xampp\htdocs\AnimeShop\wp-includes\functions.php on line 2196
[29-Apr-2026 17:26:07 UTC] PHP Deprecated:  strpos(): Passing null to parameter #1 ($haystack) of type string is deprecated in C:\xampp\htdocs\AnimeShop\wp-includes\functions.php on line 7374
[29-Apr-2026 17:26:07 UTC] PHP Deprecated:  str_replace(): Passing null to parameter #3 ($subject) of type array|string is deprecated in C:\xampp\htdocs\AnimeShop\wp-includes\functions.php on line 2196
[29-Apr-2026 19:26:52 UTC] PHP Deprecated:  strpos(): Passing null to parameter #1 ($haystack) of type string is deprecated in C:\xampp\htdocs\AnimeShop\wp-includes\functions.php on line 7374
[29-Apr-2026 19:26:52 UTC] PHP Deprecated:  str_replace(): Passing null to parameter #3 ($subject) of type array|string is deprecated in C:\xampp\htdocs\AnimeShop\wp-includes\functions.php on line 2196
[29-Apr-2026 19:26:59 UTC] PHP Deprecated:  strpos(): Passing null to parameter #1 ($haystack) of type string is deprecated in C:\xampp\htdocs\AnimeShop\wp-includes\functions.php on line 7374
[29-Apr-2026 19:26:59 UTC] PHP Deprecated:  str_replace(): Passing null to parameter #3 ($subject) of type array|string is deprecated in C:\xampp\htdocs\AnimeShop\wp-includes\functions.php on line 2196
[30-Apr-2026 00:13:40 UTC] Automatic updates starting...
[30-Apr-2026 00:13:44 UTC] Automatic updates complete.
[30-Apr-2026 09:48:44 UTC] PHP Deprecated:  strpos(): Passing null to parameter #1 ($haystack) of type string is deprecated in C:\xampp\htdocs\AnimeShop\wp-includes\functions.php on line 7374
[30-Apr-2026 09:48:44 UTC] PHP Deprecated:  str_replace(): Passing null to parameter #3 ($subject) of type array|string is deprecated in C:\xampp\htdocs\AnimeShop\wp-includes\functions.php on line 2196
[30-Apr-2026 10:59:34 UTC] Automatic updates starting...
[30-Apr-2026 10:59:36 UTC] Automatic updates complete.
[30-Apr-2026 11:21:59 UTC] PHP Parse error:  Unclosed '{' on line 108 in C:\xampp\htdocs\AnimeShop\wp-content\plugins\anime-shop.php on line 1456
[30-Apr-2026 11:23:01 UTC] PHP Parse error:  Unclosed '{' on line 108 in C:\xampp\htdocs\AnimeShop\wp-content\plugins\anime-shop.php on line 1456
[30-Apr-2026 11:23:29 UTC] PHP Parse error:  Unclosed '{' on line 108 in C:\xampp\htdocs\AnimeShop\wp-content\plugins\anime-shop.php on line 1456
[30-Apr-2026 11:23:39 UTC] PHP Parse error:  Unclosed '{' on line 108 in C:\xampp\htdocs\AnimeShop\wp-content\plugins\anime-shop.php on line 1456
[30-Apr-2026 11:23:58 UTC] PHP Parse error:  Unclosed '{' on line 108 in C:\xampp\htdocs\AnimeShop\wp-content\plugins\anime-shop.php on line 1456
[30-Apr-2026 11:24:00 UTC] PHP Parse error:  Unclosed '{' on line 108 in C:\xampp\htdocs\AnimeShop\wp-content\plugins\anime-shop.php on line 1456
[30-Apr-2026 11:24:00 UTC] PHP Parse error:  Unclosed '{' on line 108 in C:\xampp\htdocs\AnimeShop\wp-content\plugins\anime-shop.php on line 1456
[30-Apr-2026 11:24:03 UTC] PHP Parse error:  Unclosed '{' on line 108 in C:\xampp\htdocs\AnimeShop\wp-content\plugins\anime-shop.php on line 1456
[30-Apr-2026 11:24:07 UTC] PHP Parse error:  Unclosed '{' on line 108 in C:\xampp\htdocs\AnimeShop\wp-content\plugins\anime-shop.php on line 1456
[30-Apr-2026 11:27:14 UTC] PHP Deprecated:  strpos(): Passing null to parameter #1 ($haystack) of type string is deprecated in C:\xampp\htdocs\AnimeShop\wp-includes\functions.php on line 7374
[30-Apr-2026 11:27:14 UTC] PHP Deprecated:  str_replace(): Passing null to parameter #3 ($subject) of type array|string is deprecated in C:\xampp\htdocs\AnimeShop\wp-includes\functions.php on line 2196
[30-Apr-2026 11:27:17 UTC] PHP Deprecated:  strpos(): Passing null to parameter #1 ($haystack) of type string is deprecated in C:\xampp\htdocs\AnimeShop\wp-includes\functions.php on line 7374
[30-Apr-2026 11:27:17 UTC] PHP Deprecated:  str_replace(): Passing null to parameter #3 ($subject) of type array|string is deprecated in C:\xampp\htdocs\AnimeShop\wp-includes\functions.php on line 2196
[30-Apr-2026 11:27:17 UTC] PHP Deprecated:  strip_tags(): Passing null to parameter #1 ($string) of type string is deprecated in C:\xampp\htdocs\AnimeShop\wp-admin\admin-header.php on line 41
[30-Apr-2026 11:27:19 UTC] PHP Deprecated:  strpos(): Passing null to parameter #1 ($haystack) of type string is deprecated in C:\xampp\htdocs\AnimeShop\wp-includes\functions.php on line 7374
[30-Apr-2026 11:27:19 UTC] PHP Deprecated:  str_replace(): Passing null to parameter #3 ($subject) of type array|string is deprecated in C:\xampp\htdocs\AnimeShop\wp-includes\functions.php on line 2196
[30-Apr-2026 11:27:43 UTC] PHP Deprecated:  strpos(): Passing null to parameter #1 ($haystack) of type string is deprecated in C:\xampp\htdocs\AnimeShop\wp-includes\functions.php on line 7374
[30-Apr-2026 11:27:43 UTC] PHP Deprecated:  str_replace(): Passing null to parameter #3 ($subject) of type array|string is deprecated in C:\xampp\htdocs\AnimeShop\wp-includes\functions.php on line 2196
[30-Apr-2026 11:28:09 UTC] PHP Deprecated:  strpos(): Passing null to parameter #1 ($haystack) of type string is deprecated in C:\xampp\htdocs\AnimeShop\wp-includes\functions.php on line 7374
[30-Apr-2026 11:28:09 UTC] PHP Deprecated:  str_replace(): Passing null to parameter #3 ($subject) of type array|string is deprecated in C:\xampp\htdocs\AnimeShop\wp-includes\functions.php on line 2196
[30-Apr-2026 11:28:12 UTC] PHP Deprecated:  strpos(): Passing null to parameter #1 ($haystack) of type string is deprecated in C:\xampp\htdocs\AnimeShop\wp-includes\functions.php on line 7374
[30-Apr-2026 11:28:12 UTC] PHP Deprecated:  str_replace(): Passing null to parameter #3 ($subject) of type array|string is deprecated in C:\xampp\htdocs\AnimeShop\wp-includes\functions.php on line 2196
[30-Apr-2026 11:28:16 UTC] PHP Deprecated:  strpos(): Passing null to parameter #1 ($haystack) of type string is deprecated in C:\xampp\htdocs\AnimeShop\wp-includes\functions.php on line 7374
[30-Apr-2026 11:28:16 UTC] PHP Deprecated:  str_replace(): Passing null to parameter #3 ($subject) of type array|string is deprecated in C:\xampp\htdocs\AnimeShop\wp-includes\functions.php on line 2196
[30-Apr-2026 11:28:20 UTC] PHP Deprecated:  strpos(): Passing null to parameter #1 ($haystack) of type string is deprecated in C:\xampp\htdocs\AnimeShop\wp-includes\functions.php on line 7374
[30-Apr-2026 11:28:20 UTC] PHP Deprecated:  str_replace(): Passing null to parameter #3 ($subject) of type array|string is deprecated in C:\xampp\htdocs\AnimeShop\wp-includes\functions.php on line 2196
[30-Apr-2026 11:28:28 UTC] PHP Deprecated:  strpos(): Passing null to parameter #1 ($haystack) of type string is deprecated in C:\xampp\htdocs\AnimeShop\wp-includes\functions.php on line 7374
[30-Apr-2026 11:28:28 UTC] PHP Deprecated:  str_replace(): Passing null to parameter #3 ($subject) of type array|string is deprecated in C:\xampp\htdocs\AnimeShop\wp-includes\functions.php on line 2196
[30-Apr-2026 11:31:51 UTC] PHP Deprecated:  strpos(): Passing null to parameter #1 ($haystack) of type string is deprecated in C:\xampp\htdocs\AnimeShop\wp-includes\functions.php on line 7374
[30-Apr-2026 11:31:51 UTC] PHP Deprecated:  str_replace(): Passing null to parameter #3 ($subject) of type array|string is deprecated in C:\xampp\htdocs\AnimeShop\wp-includes\functions.php on line 2196
[30-Apr-2026 11:31:54 UTC] PHP Deprecated:  strpos(): Passing null to parameter #1 ($haystack) of type string is deprecated in C:\xampp\htdocs\AnimeShop\wp-includes\functions.php on line 7374
[30-Apr-2026 11:31:54 UTC] PHP Deprecated:  str_replace(): Passing null to parameter #3 ($subject) of type array|string is deprecated in C:\xampp\htdocs\AnimeShop\wp-includes\functions.php on line 2196
[30-Apr-2026 11:32:01 UTC] PHP Deprecated:  strpos(): Passing null to parameter #1 ($haystack) of type string is deprecated in C:\xampp\htdocs\AnimeShop\wp-includes\functions.php on line 7374
[30-Apr-2026 11:32:01 UTC] PHP Deprecated:  str_replace(): Passing null to parameter #3 ($subject) of type array|string is deprecated in C:\xampp\htdocs\AnimeShop\wp-includes\functions.php on line 2196
[30-Apr-2026 11:32:03 UTC] PHP Deprecated:  strpos(): Passing null to parameter #1 ($haystack) of type string is deprecated in C:\xampp\htdocs\AnimeShop\wp-includes\functions.php on line 7374
[30-Apr-2026 11:32:03 UTC] PHP Deprecated:  str_replace(): Passing null to parameter #3 ($subject) of type array|string is deprecated in C:\xampp\htdocs\AnimeShop\wp-includes\functions.php on line 2196
[30-Apr-2026 11:32:08 UTC] PHP Deprecated:  strpos(): Passing null to parameter #1 ($haystack) of type string is deprecated in C:\xampp\htdocs\AnimeShop\wp-includes\functions.php on line 7374
[30-Apr-2026 11:32:08 UTC] PHP Deprecated:  str_replace(): Passing null to parameter #3 ($subject) of type array|string is deprecated in C:\xampp\htdocs\AnimeShop\wp-includes\functions.php on line 2196
[30-Apr-2026 11:36:56 UTC] PHP Deprecated:  strpos(): Passing null to parameter #1 ($haystack) of type string is deprecated in C:\xampp\htdocs\AnimeShop\wp-includes\functions.php on line 7374
[30-Apr-2026 11:36:56 UTC] PHP Deprecated:  str_replace(): Passing null to parameter #3 ($subject) of type array|string is deprecated in C:\xampp\htdocs\AnimeShop\wp-includes\functions.php on line 2196
[30-Apr-2026 11:37:09 UTC] PHP Deprecated:  strpos(): Passing null to parameter #1 ($haystack) of type string is deprecated in C:\xampp\htdocs\AnimeShop\wp-includes\functions.php on line 7374
[30-Apr-2026 11:37:09 UTC] PHP Deprecated:  str_replace(): Passing null to parameter #3 ($subject) of type array|string is deprecated in C:\xampp\htdocs\AnimeShop\wp-includes\functions.php on line 2196
[30-Apr-2026 11:40:07 UTC] PHP Parse error:  Unmatched '}' in C:\xampp\htdocs\AnimeShop\wp-content\plugins\anime-shop.php on line 1373
[30-Apr-2026 11:45:01 UTC] PHP Deprecated:  strpos(): Passing null to parameter #1 ($haystack) of type string is deprecated in C:\xampp\htdocs\AnimeShop\wp-includes\functions.php on line 7374
[30-Apr-2026 11:45:01 UTC] PHP Deprecated:  str_replace(): Passing null to parameter #3 ($subject) of type array|string is deprecated in C:\xampp\htdocs\AnimeShop\wp-includes\functions.php on line 2196
[30-Apr-2026 11:45:10 UTC] PHP Deprecated:  strpos(): Passing null to parameter #1 ($haystack) of type string is deprecated in C:\xampp\htdocs\AnimeShop\wp-includes\functions.php on line 7374
[30-Apr-2026 11:45:10 UTC] PHP Deprecated:  str_replace(): Passing null to parameter #3 ($subject) of type array|string is deprecated in C:\xampp\htdocs\AnimeShop\wp-includes\functions.php on line 2196
[30-Apr-2026 11:45:12 UTC] PHP Deprecated:  strpos(): Passing null to parameter #1 ($haystack) of type string is deprecated in C:\xampp\htdocs\AnimeShop\wp-includes\functions.php on line 7374
[30-Apr-2026 11:45:12 UTC] PHP Deprecated:  str_replace(): Passing null to parameter #3 ($subject) of type array|string is deprecated in C:\xampp\htdocs\AnimeShop\wp-includes\functions.php on line 2196
[30-Apr-2026 11:45:19 UTC] PHP Deprecated:  strpos(): Passing null to parameter #1 ($haystack) of type string is deprecated in C:\xampp\htdocs\AnimeShop\wp-includes\functions.php on line 7374
[30-Apr-2026 11:45:19 UTC] PHP Deprecated:  str_replace(): Passing null to parameter #3 ($subject) of type array|string is deprecated in C:\xampp\htdocs\AnimeShop\wp-includes\functions.php on line 2196
[30-Apr-2026 11:45:22 UTC] PHP Deprecated:  strpos(): Passing null to parameter #1 ($haystack) of type string is deprecated in C:\xampp\htdocs\AnimeShop\wp-includes\functions.php on line 7374
[30-Apr-2026 11:45:22 UTC] PHP Deprecated:  str_replace(): Passing null to parameter #3 ($subject) of type array|string is deprecated in C:\xampp\htdocs\AnimeShop\wp-includes\functions.php on line 2196
[30-Apr-2026 11:48:31 UTC] PHP Deprecated:  strpos(): Passing null to parameter #1 ($haystack) of type string is deprecated in C:\xampp\htdocs\AnimeShop\wp-includes\functions.php on line 7374
[30-Apr-2026 11:48:31 UTC] PHP Deprecated:  str_replace(): Passing null to parameter #3 ($subject) of type array|string is deprecated in C:\xampp\htdocs\AnimeShop\wp-includes\functions.php on line 2196
[30-Apr-2026 11:57:46 UTC] PHP Deprecated:  strpos(): Passing null to parameter #1 ($haystack) of type string is deprecated in C:\xampp\htdocs\AnimeShop\wp-includes\functions.php on line 7374
[30-Apr-2026 11:57:46 UTC] PHP Deprecated:  str_replace(): Passing null to parameter #3 ($subject) of type array|string is deprecated in C:\xampp\htdocs\AnimeShop\wp-includes\functions.php on line 2196
[30-Apr-2026 11:57:57 UTC] PHP Deprecated:  strpos(): Passing null to parameter #1 ($haystack) of type string is deprecated in C:\xampp\htdocs\AnimeShop\wp-includes\functions.php on line 7374
[30-Apr-2026 11:57:57 UTC] PHP Deprecated:  str_replace(): Passing null to parameter #3 ($subject) of type array|string is deprecated in C:\xampp\htdocs\AnimeShop\wp-includes\functions.php on line 2196
[30-Apr-2026 12:05:32 UTC] PHP Deprecated:  strpos(): Passing null to parameter #1 ($haystack) of type string is deprecated in C:\xampp\htdocs\AnimeShop\wp-includes\functions.php on line 7374
[30-Apr-2026 12:05:32 UTC] PHP Deprecated:  str_replace(): Passing null to parameter #3 ($subject) of type array|string is deprecated in C:\xampp\htdocs\AnimeShop\wp-includes\functions.php on line 2196
[30-Apr-2026 12:08:27 UTC] PHP Deprecated:  strpos(): Passing null to parameter #1 ($haystack) of type string is deprecated in C:\xampp\htdocs\AnimeShop\wp-includes\functions.php on line 7374
[30-Apr-2026 12:08:27 UTC] PHP Deprecated:  str_replace(): Passing null to parameter #3 ($subject) of type array|string is deprecated in C:\xampp\htdocs\AnimeShop\wp-includes\functions.php on line 2196
[30-Apr-2026 12:29:30 UTC] PHP Deprecated:  strpos(): Passing null to parameter #1 ($haystack) of type string is deprecated in C:\xampp\htdocs\AnimeShop\wp-includes\functions.php on line 7374
[30-Apr-2026 12:29:30 UTC] PHP Deprecated:  str_replace(): Passing null to parameter #3 ($subject) of type array|string is deprecated in C:\xampp\htdocs\AnimeShop\wp-includes\functions.php on line 2196
[30-Apr-2026 12:33:53 UTC] PHP Parse error:  syntax error, unexpected token "\" in C:\xampp\htdocs\AnimeShop\wp-content\plugins\anime-shop.php on line 1532
[30-Apr-2026 12:39:50 UTC] PHP Deprecated:  strpos(): Passing null to parameter #1 ($haystack) of type string is deprecated in C:\xampp\htdocs\AnimeShop\wp-includes\functions.php on line 7374
[30-Apr-2026 12:39:50 UTC] PHP Deprecated:  str_replace(): Passing null to parameter #3 ($subject) of type array|string is deprecated in C:\xampp\htdocs\AnimeShop\wp-includes\functions.php on line 2196
[30-Apr-2026 12:44:27 UTC] PHP Deprecated:  strpos(): Passing null to parameter #1 ($haystack) of type string is deprecated in C:\xampp\htdocs\AnimeShop\wp-includes\functions.php on line 7374
[30-Apr-2026 12:44:27 UTC] PHP Deprecated:  str_replace(): Passing null to parameter #3 ($subject) of type array|string is deprecated in C:\xampp\htdocs\AnimeShop\wp-includes\functions.php on line 2196
[30-Apr-2026 16:59:57 UTC] PHP Warning:  Cannot modify header information - headers already sent by (output started at C:\xampp\htdocs\AnimeShop\wp-includes\class-wp-styles.php:208) in C:\xampp\htdocs\AnimeShop\wp-includes\pluggable.php on line 1531
[30-Apr-2026 16:59:57 UTC] PHP Warning:  Cannot modify header information - headers already sent by (output started at C:\xampp\htdocs\AnimeShop\wp-includes\class-wp-styles.php:208) in C:\xampp\htdocs\AnimeShop\wp-includes\pluggable.php on line 1534
[30-Apr-2026 17:25:13 UTC] PHP Warning:  Cannot modify header information - headers already sent by (output started at C:\xampp\htdocs\AnimeShop\wp-includes\class-wp-styles.php:208) in C:\xampp\htdocs\AnimeShop\wp-includes\pluggable.php on line 1531
[30-Apr-2026 17:25:13 UTC] PHP Warning:  Cannot modify header information - headers already sent by (output started at C:\xampp\htdocs\AnimeShop\wp-includes\class-wp-styles.php:208) in C:\xampp\htdocs\AnimeShop\wp-includes\pluggable.php on line 1534
[30-Apr-2026 18:54:59 UTC] PHP Deprecated:  strpos(): Passing null to parameter #1 ($haystack) of type string is deprecated in C:\xampp\htdocs\AnimeShop\wp-includes\functions.php on line 7374
[30-Apr-2026 18:54:59 UTC] PHP Deprecated:  str_replace(): Passing null to parameter #3 ($subject) of type array|string is deprecated in C:\xampp\htdocs\AnimeShop\wp-includes\functions.php on line 2196
[30-Apr-2026 20:01:39 UTC] PHP Deprecated:  strpos(): Passing null to parameter #1 ($haystack) of type string is deprecated in C:\xampp\htdocs\AnimeShop\wp-includes\functions.php on line 7374
[30-Apr-2026 20:01:39 UTC] PHP Deprecated:  str_replace(): Passing null to parameter #3 ($subject) of type array|string is deprecated in C:\xampp\htdocs\AnimeShop\wp-includes\functions.php on line 2196
[30-Apr-2026 20:01:44 UTC] PHP Deprecated:  strpos(): Passing null to parameter #1 ($haystack) of type string is deprecated in C:\xampp\htdocs\AnimeShop\wp-includes\functions.php on line 7374
[30-Apr-2026 20:01:44 UTC] PHP Deprecated:  str_replace(): Passing null to parameter #3 ($subject) of type array|string is deprecated in C:\xampp\htdocs\AnimeShop\wp-includes\functions.php on line 2196
[30-Apr-2026 20:02:15 UTC] PHP Deprecated:  strpos(): Passing null to parameter #1 ($haystack) of type string is deprecated in C:\xampp\htdocs\AnimeShop\wp-includes\functions.php on line 7374
[30-Apr-2026 20:02:15 UTC] PHP Deprecated:  str_replace(): Passing null to parameter #3 ($subject) of type array|string is deprecated in C:\xampp\htdocs\AnimeShop\wp-includes\functions.php on line 2196
[30-Apr-2026 20:25:05 UTC] PHP Deprecated:  strpos(): Passing null to parameter #1 ($haystack) of type string is deprecated in C:\xampp\htdocs\AnimeShop\wp-includes\functions.php on line 7374
[30-Apr-2026 20:25:05 UTC] PHP Deprecated:  str_replace(): Passing null to parameter #3 ($subject) of type array|string is deprecated in C:\xampp\htdocs\AnimeShop\wp-includes\functions.php on line 2196
[30-Apr-2026 20:30:15 UTC] PHP Deprecated:  strpos(): Passing null to parameter #1 ($haystack) of type string is deprecated in C:\xampp\htdocs\AnimeShop\wp-includes\functions.php on line 7374
[30-Apr-2026 20:30:15 UTC] PHP Deprecated:  str_replace(): Passing null to parameter #3 ($subject) of type array|string is deprecated in C:\xampp\htdocs\AnimeShop\wp-includes\functions.php on line 2196
[30-Apr-2026 20:31:44 UTC] PHP Deprecated:  strpos(): Passing null to parameter #1 ($haystack) of type string is deprecated in C:\xampp\htdocs\AnimeShop\wp-includes\functions.php on line 7374
[30-Apr-2026 20:31:44 UTC] PHP Deprecated:  str_replace(): Passing null to parameter #3 ($subject) of type array|string is deprecated in C:\xampp\htdocs\AnimeShop\wp-includes\functions.php on line 2196
[30-Apr-2026 20:31:48 UTC] PHP Deprecated:  strpos(): Passing null to parameter #1 ($haystack) of type string is deprecated in C:\xampp\htdocs\AnimeShop\wp-includes\functions.php on line 7374
[30-Apr-2026 20:31:48 UTC] PHP Deprecated:  str_replace(): Passing null to parameter #3 ($subject) of type array|string is deprecated in C:\xampp\htdocs\AnimeShop\wp-includes\functions.php on line 2196
[30-Apr-2026 20:36:11 UTC] PHP Parse error:  Unmatched '}' in C:\xampp\htdocs\AnimeShop\wp-content\plugins\anime-shop.php on line 1958
[30-Apr-2026 20:38:12 UTC] PHP Parse error:  Unmatched '}' in C:\xampp\htdocs\AnimeShop\wp-content\plugins\anime-shop.php on line 1957
[01-May-2026 05:53:56 UTC] Automatic updates starting...
[01-May-2026 05:53:59 UTC] Automatic updates complete.
[01-May-2026 09:14:38 UTC] PHP Warning:  Trying to access array offset on value of type int in C:\xampp\htdocs\AnimeShop\wp-content\plugins\anime-shop.php on line 1967
[01-May-2026 09:14:41 UTC] PHP Warning:  Trying to access array offset on value of type int in C:\xampp\htdocs\AnimeShop\wp-content\plugins\anime-shop.php on line 1967
[01-May-2026 09:14:46 UTC] PHP Warning:  Trying to access array offset on value of type int in C:\xampp\htdocs\AnimeShop\wp-content\plugins\anime-shop.php on line 1967
[01-May-2026 09:14:50 UTC] PHP Warning:  Trying to access array offset on value of type int in C:\xampp\htdocs\AnimeShop\wp-content\plugins\anime-shop.php on line 1967
[01-May-2026 09:15:03 UTC] PHP Warning:  Trying to access array offset on value of type int in C:\xampp\htdocs\AnimeShop\wp-content\plugins\anime-shop.php on line 1967
[01-May-2026 11:05:49 UTC] Automatic updates starting...
[01-May-2026 11:05:51 UTC] Automatic updates complete.
[01-May-2026 13:12:23 UTC] PHP Warning:  Cannot modify header information - headers already sent by (output started at C:\xampp\htdocs\AnimeShop\wp-includes\class-wp-styles.php:208) in C:\xampp\htdocs\AnimeShop\wp-content\plugins\anime-shop.php on line 354
[01-May-2026 13:12:32 UTC] PHP Warning:  Cannot modify header information - headers already sent by (output started at C:\xampp\htdocs\AnimeShop\wp-includes\class-wp-styles.php:208) in C:\xampp\htdocs\AnimeShop\wp-content\plugins\anime-shop.php on line 354
[01-May-2026 16:19:52 UTC] PHP Deprecated:  strpos(): Passing null to parameter #1 ($haystack) of type string is deprecated in C:\xampp\htdocs\AnimeShop\wp-includes\functions.php on line 7374
[01-May-2026 16:19:52 UTC] PHP Deprecated:  str_replace(): Passing null to parameter #3 ($subject) of type array|string is deprecated in C:\xampp\htdocs\AnimeShop\wp-includes\functions.php on line 2196
[01-May-2026 16:20:28 UTC] PHP Deprecated:  strpos(): Passing null to parameter #1 ($haystack) of type string is deprecated in C:\xampp\htdocs\AnimeShop\wp-includes\functions.php on line 7374
[01-May-2026 16:20:28 UTC] PHP Deprecated:  str_replace(): Passing null to parameter #3 ($subject) of type array|string is deprecated in C:\xampp\htdocs\AnimeShop\wp-includes\functions.php on line 2196
[01-May-2026 16:20:31 UTC] PHP Deprecated:  strpos(): Passing null to parameter #1 ($haystack) of type string is deprecated in C:\xampp\htdocs\AnimeShop\wp-includes\functions.php on line 7374
[01-May-2026 16:20:31 UTC] PHP Deprecated:  str_replace(): Passing null to parameter #3 ($subject) of type array|string is deprecated in C:\xampp\htdocs\AnimeShop\wp-includes\functions.php on line 2196
[01-May-2026 19:19:29 UTC] PHP Warning:  Cannot modify header information - headers already sent by (output started at C:\xampp\htdocs\AnimeShop\wp-includes\class-wp-styles.php:208) in C:\xampp\htdocs\AnimeShop\wp-includes\pluggable.php on line 1531
[01-May-2026 19:19:29 UTC] PHP Warning:  Cannot modify header information - headers already sent by (output started at C:\xampp\htdocs\AnimeShop\wp-includes\class-wp-styles.php:208) in C:\xampp\htdocs\AnimeShop\wp-includes\pluggable.php on line 1534
[01-May-2026 19:29:56 UTC] PHP Fatal error:  Uncaught TypeError: number_format(): Argument #1 ($num) must be of type float, string given in C:\xampp\htdocs\AnimeShop\wp-content\plugins\anime-shop.php:2601
Stack trace:
#0 C:\xampp\htdocs\AnimeShop\wp-content\plugins\anime-shop.php(2601): number_format('', 0, ',', '.')
#1 C:\xampp\htdocs\AnimeShop\wp-includes\shortcodes.php(434): anime_shop_search_shortcode(Array, '', 'anime_search')
#2 [internal function]: do_shortcode_tag(Array)
#3 C:\xampp\htdocs\AnimeShop\wp-includes\shortcodes.php(273): preg_replace_callback('/\\[(\\[?)(anime_...', 'do_shortcode_ta...', '[anime_search]\n')
#4 C:\xampp\htdocs\AnimeShop\wp-includes\class-wp-hook.php(341): do_shortcode('[anime_search]\n')
#5 C:\xampp\htdocs\AnimeShop\wp-includes\plugin.php(205): WP_Hook->apply_filters('[anime_search]\n', Array)
#6 C:\xampp\htdocs\AnimeShop\wp-includes\post-template.php(256): apply_filters('the_content', '[anime_search]')
#7 C:\xampp\htdocs\AnimeShop\wp-content\plugins\anime-shop.php(2091): the_content()
#8 C:\xampp\htdocs\AnimeShop\wp-includes\class-wp-hook.php(341): anime_shop_global_render_wrapper('')
#9 C:\xampp\htdocs\AnimeShop\wp-includes\class-wp-hook.php(365): WP_Hook->apply_filters(NULL, Array)
#10 C:\xampp\htdocs\AnimeShop\wp-includes\plugin.php(522): WP_Hook->do_action(Array)
#11 C:\xampp\htdocs\AnimeShop\wp-includes\template-loader.php(23): do_action('template_redire...')
#12 C:\xampp\htdocs\AnimeShop\wp-blog-header.php(19): require_once('C:\\xampp\\htdocs...')
#13 C:\xampp\htdocs\AnimeShop\index.php(17): require('C:\\xampp\\htdocs...')
#14 {main}
  thrown in C:\xampp\htdocs\AnimeShop\wp-content\plugins\anime-shop.php on line 2601
[01-May-2026 19:31:08 UTC] PHP Deprecated:  strpos(): Passing null to parameter #1 ($haystack) of type string is deprecated in C:\xampp\htdocs\AnimeShop\wp-includes\functions.php on line 7374
[01-May-2026 19:31:08 UTC] PHP Deprecated:  str_replace(): Passing null to parameter #3 ($subject) of type array|string is deprecated in C:\xampp\htdocs\AnimeShop\wp-includes\functions.php on line 2196
[01-May-2026 19:31:40 UTC] PHP Fatal error:  Uncaught TypeError: number_format(): Argument #1 ($num) must be of type float, string given in C:\xampp\htdocs\AnimeShop\wp-content\plugins\anime-shop.php:2601
Stack trace:
#0 C:\xampp\htdocs\AnimeShop\wp-content\plugins\anime-shop.php(2601): number_format('', 0, ',', '.')
#1 C:\xampp\htdocs\AnimeShop\wp-includes\shortcodes.php(434): anime_shop_search_shortcode(Array, '', 'anime_search')
#2 [internal function]: do_shortcode_tag(Array)
#3 C:\xampp\htdocs\AnimeShop\wp-includes\shortcodes.php(273): preg_replace_callback('/\\[(\\[?)(anime_...', 'do_shortcode_ta...', '[anime_search]\n')
#4 C:\xampp\htdocs\AnimeShop\wp-includes\class-wp-hook.php(341): do_shortcode('[anime_search]\n')
#5 C:\xampp\htdocs\AnimeShop\wp-includes\plugin.php(205): WP_Hook->apply_filters('[anime_search]\n', Array)
#6 C:\xampp\htdocs\AnimeShop\wp-includes\post-template.php(256): apply_filters('the_content', '[anime_search]')
#7 C:\xampp\htdocs\AnimeShop\wp-content\plugins\anime-shop.php(2091): the_content()
#8 C:\xampp\htdocs\AnimeShop\wp-includes\class-wp-hook.php(341): anime_shop_global_render_wrapper('')
#9 C:\xampp\htdocs\AnimeShop\wp-includes\class-wp-hook.php(365): WP_Hook->apply_filters(NULL, Array)
#10 C:\xampp\htdocs\AnimeShop\wp-includes\plugin.php(522): WP_Hook->do_action(Array)
#11 C:\xampp\htdocs\AnimeShop\wp-includes\template-loader.php(23): do_action('template_redire...')
#12 C:\xampp\htdocs\AnimeShop\wp-blog-header.php(19): require_once('C:\\xampp\\htdocs...')
#13 C:\xampp\htdocs\AnimeShop\index.php(17): require('C:\\xampp\\htdocs...')
#14 {main}
  thrown in C:\xampp\htdocs\AnimeShop\wp-content\plugins\anime-shop.php on line 2601
[02-May-2026 05:49:41 UTC] PHP Warning:  Cannot modify header information - headers already sent by (output started at C:\xampp\htdocs\AnimeShop\wp-includes\class-wp-styles.php:208) in C:\xampp\htdocs\AnimeShop\wp-content\plugins\anime-shop.php on line 360
[02-May-2026 05:49:44 UTC] Automatic updates starting...
[02-May-2026 05:49:47 UTC] Automatic updates complete.
[02-May-2026 05:52:34 UTC] PHP Warning:  Cannot modify header information - headers already sent by (output started at C:\xampp\htdocs\AnimeShop\wp-includes\class-wp-styles.php:208) in C:\xampp\htdocs\AnimeShop\wp-content\plugins\anime-shop.php on line 360
[02-May-2026 05:52:57 UTC] PHP Deprecated:  strpos(): Passing null to parameter #1 ($haystack) of type string is deprecated in C:\xampp\htdocs\AnimeShop\wp-includes\functions.php on line 7374
[02-May-2026 05:52:57 UTC] PHP Deprecated:  str_replace(): Passing null to parameter #3 ($subject) of type array|string is deprecated in C:\xampp\htdocs\AnimeShop\wp-includes\functions.php on line 2196
[02-May-2026 05:53:02 UTC] PHP Deprecated:  strpos(): Passing null to parameter #1 ($haystack) of type string is deprecated in C:\xampp\htdocs\AnimeShop\wp-includes\functions.php on line 7374
[02-May-2026 05:53:02 UTC] PHP Deprecated:  str_replace(): Passing null to parameter #3 ($subject) of type array|string is deprecated in C:\xampp\htdocs\AnimeShop\wp-includes\functions.php on line 2196
[02-May-2026 05:55:02 UTC] PHP Deprecated:  strpos(): Passing null to parameter #1 ($haystack) of type string is deprecated in C:\xampp\htdocs\AnimeShop\wp-includes\functions.php on line 7374
[02-May-2026 05:55:02 UTC] PHP Deprecated:  str_replace(): Passing null to parameter #3 ($subject) of type array|string is deprecated in C:\xampp\htdocs\AnimeShop\wp-includes\functions.php on line 2196
[02-May-2026 05:55:16 UTC] PHP Deprecated:  strpos(): Passing null to parameter #1 ($haystack) of type string is deprecated in C:\xampp\htdocs\AnimeShop\wp-includes\functions.php on line 7374
[02-May-2026 05:55:16 UTC] PHP Deprecated:  str_replace(): Passing null to parameter #3 ($subject) of type array|string is deprecated in C:\xampp\htdocs\AnimeShop\wp-includes\functions.php on line 2196
[02-May-2026 05:55:17 UTC] PHP Deprecated:  strpos(): Passing null to parameter #1 ($haystack) of type string is deprecated in C:\xampp\htdocs\AnimeShop\wp-includes\functions.php on line 7374
[02-May-2026 05:55:17 UTC] PHP Deprecated:  str_replace(): Passing null to parameter #3 ($subject) of type array|string is deprecated in C:\xampp\htdocs\AnimeShop\wp-includes\functions.php on line 2196
[02-May-2026 05:55:19 UTC] PHP Deprecated:  strpos(): Passing null to parameter #1 ($haystack) of type string is deprecated in C:\xampp\htdocs\AnimeShop\wp-includes\functions.php on line 7374
[02-May-2026 05:55:19 UTC] PHP Deprecated:  str_replace(): Passing null to parameter #3 ($subject) of type array|string is deprecated in C:\xampp\htdocs\AnimeShop\wp-includes\functions.php on line 2196
[02-May-2026 05:55:20 UTC] PHP Deprecated:  strpos(): Passing null to parameter #1 ($haystack) of type string is deprecated in C:\xampp\htdocs\AnimeShop\wp-includes\functions.php on line 7374
[02-May-2026 05:55:20 UTC] PHP Deprecated:  str_replace(): Passing null to parameter #3 ($subject) of type array|string is deprecated in C:\xampp\htdocs\AnimeShop\wp-includes\functions.php on line 2196
[02-May-2026 05:55:21 UTC] PHP Deprecated:  strpos(): Passing null to parameter #1 ($haystack) of type string is deprecated in C:\xampp\htdocs\AnimeShop\wp-includes\functions.php on line 7374
[02-May-2026 05:55:21 UTC] PHP Deprecated:  str_replace(): Passing null to parameter #3 ($subject) of type array|string is deprecated in C:\xampp\htdocs\AnimeShop\wp-includes\functions.php on line 2196
[02-May-2026 05:55:22 UTC] PHP Deprecated:  strpos(): Passing null to parameter #1 ($haystack) of type string is deprecated in C:\xampp\htdocs\AnimeShop\wp-includes\functions.php on line 7374
[02-May-2026 05:55:22 UTC] PHP Deprecated:  str_replace(): Passing null to parameter #3 ($subject) of type array|string is deprecated in C:\xampp\htdocs\AnimeShop\wp-includes\functions.php on line 2196
[02-May-2026 05:55:59 UTC] PHP Deprecated:  strpos(): Passing null to parameter #1 ($haystack) of type string is deprecated in C:\xampp\htdocs\AnimeShop\wp-includes\functions.php on line 7374
[02-May-2026 05:55:59 UTC] PHP Deprecated:  str_replace(): Passing null to parameter #3 ($subject) of type array|string is deprecated in C:\xampp\htdocs\AnimeShop\wp-includes\functions.php on line 2196
[02-May-2026 05:56:02 UTC] PHP Deprecated:  strpos(): Passing null to parameter #1 ($haystack) of type string is deprecated in C:\xampp\htdocs\AnimeShop\wp-includes\functions.php on line 7374
[02-May-2026 05:56:02 UTC] PHP Deprecated:  str_replace(): Passing null to parameter #3 ($subject) of type array|string is deprecated in C:\xampp\htdocs\AnimeShop\wp-includes\functions.php on line 2196
[02-May-2026 05:56:04 UTC] PHP Deprecated:  strpos(): Passing null to parameter #1 ($haystack) of type string is deprecated in C:\xampp\htdocs\AnimeShop\wp-includes\functions.php on line 7374
[02-May-2026 05:56:04 UTC] PHP Deprecated:  str_replace(): Passing null to parameter #3 ($subject) of type array|string is deprecated in C:\xampp\htdocs\AnimeShop\wp-includes\functions.php on line 2196
[02-May-2026 05:56:19 UTC] PHP Deprecated:  strpos(): Passing null to parameter #1 ($haystack) of type string is deprecated in C:\xampp\htdocs\AnimeShop\wp-includes\functions.php on line 7374
[02-May-2026 05:56:19 UTC] PHP Deprecated:  str_replace(): Passing null to parameter #3 ($subject) of type array|string is deprecated in C:\xampp\htdocs\AnimeShop\wp-includes\functions.php on line 2196
[02-May-2026 05:56:21 UTC] PHP Deprecated:  strpos(): Passing null to parameter #1 ($haystack) of type string is deprecated in C:\xampp\htdocs\AnimeShop\wp-includes\functions.php on line 7374
[02-May-2026 05:56:21 UTC] PHP Deprecated:  str_replace(): Passing null to parameter #3 ($subject) of type array|string is deprecated in C:\xampp\htdocs\AnimeShop\wp-includes\functions.php on line 2196
[02-May-2026 05:56:23 UTC] PHP Deprecated:  strpos(): Passing null to parameter #1 ($haystack) of type string is deprecated in C:\xampp\htdocs\AnimeShop\wp-includes\functions.php on line 7374
[02-May-2026 05:56:23 UTC] PHP Deprecated:  str_replace(): Passing null to parameter #3 ($subject) of type array|string is deprecated in C:\xampp\htdocs\AnimeShop\wp-includes\functions.php on line 2196
[02-May-2026 05:56:24 UTC] PHP Deprecated:  strpos(): Passing null to parameter #1 ($haystack) of type string is deprecated in C:\xampp\htdocs\AnimeShop\wp-includes\functions.php on line 7374
[02-May-2026 05:56:24 UTC] PHP Deprecated:  str_replace(): Passing null to parameter #3 ($subject) of type array|string is deprecated in C:\xampp\htdocs\AnimeShop\wp-includes\functions.php on line 2196
[02-May-2026 06:29:28 UTC] PHP Deprecated:  strpos(): Passing null to parameter #1 ($haystack) of type string is deprecated in C:\xampp\htdocs\AnimeShop\wp-includes\functions.php on line 7374
[02-May-2026 06:29:28 UTC] PHP Deprecated:  str_replace(): Passing null to parameter #3 ($subject) of type array|string is deprecated in C:\xampp\htdocs\AnimeShop\wp-includes\functions.php on line 2196
[02-May-2026 06:32:00 UTC] PHP Deprecated:  strpos(): Passing null to parameter #1 ($haystack) of type string is deprecated in C:\xampp\htdocs\AnimeShop\wp-includes\functions.php on line 7374
[02-May-2026 06:32:00 UTC] PHP Deprecated:  str_replace(): Passing null to parameter #3 ($subject) of type array|string is deprecated in C:\xampp\htdocs\AnimeShop\wp-includes\functions.php on line 2196
[02-May-2026 06:32:25 UTC] PHP Deprecated:  strpos(): Passing null to parameter #1 ($haystack) of type string is deprecated in C:\xampp\htdocs\AnimeShop\wp-includes\functions.php on line 7374
[02-May-2026 06:32:25 UTC] PHP Deprecated:  str_replace(): Passing null to parameter #3 ($subject) of type array|string is deprecated in C:\xampp\htdocs\AnimeShop\wp-includes\functions.php on line 2196
[02-May-2026 06:32:38 UTC] PHP Deprecated:  strpos(): Passing null to parameter #1 ($haystack) of type string is deprecated in C:\xampp\htdocs\AnimeShop\wp-includes\functions.php on line 7374
[02-May-2026 06:32:38 UTC] PHP Deprecated:  str_replace(): Passing null to parameter #3 ($subject) of type array|string is deprecated in C:\xampp\htdocs\AnimeShop\wp-includes\functions.php on line 2196
[02-May-2026 06:32:39 UTC] PHP Deprecated:  strpos(): Passing null to parameter #1 ($haystack) of type string is deprecated in C:\xampp\htdocs\AnimeShop\wp-includes\functions.php on line 7374
[02-May-2026 06:32:39 UTC] PHP Deprecated:  str_replace(): Passing null to parameter #3 ($subject) of type array|string is deprecated in C:\xampp\htdocs\AnimeShop\wp-includes\functions.php on line 2196
[02-May-2026 06:32:46 UTC] PHP Deprecated:  strpos(): Passing null to parameter #1 ($haystack) of type string is deprecated in C:\xampp\htdocs\AnimeShop\wp-includes\functions.php on line 7374
[02-May-2026 06:32:46 UTC] PHP Deprecated:  str_replace(): Passing null to parameter #3 ($subject) of type array|string is deprecated in C:\xampp\htdocs\AnimeShop\wp-includes\functions.php on line 2196
[02-May-2026 06:32:47 UTC] PHP Deprecated:  strpos(): Passing null to parameter #1 ($haystack) of type string is deprecated in C:\xampp\htdocs\AnimeShop\wp-includes\functions.php on line 7374
[02-May-2026 06:32:47 UTC] PHP Deprecated:  str_replace(): Passing null to parameter #3 ($subject) of type array|string is deprecated in C:\xampp\htdocs\AnimeShop\wp-includes\functions.php on line 2196
[02-May-2026 06:32:53 UTC] PHP Deprecated:  strpos(): Passing null to parameter #1 ($haystack) of type string is deprecated in C:\xampp\htdocs\AnimeShop\wp-includes\functions.php on line 7374
[02-May-2026 06:32:53 UTC] PHP Deprecated:  str_replace(): Passing null to parameter #3 ($subject) of type array|string is deprecated in C:\xampp\htdocs\AnimeShop\wp-includes\functions.php on line 2196
[02-May-2026 06:33:53 UTC] PHP Deprecated:  strpos(): Passing null to parameter #1 ($haystack) of type string is deprecated in C:\xampp\htdocs\AnimeShop\wp-includes\functions.php on line 7374
[02-May-2026 06:33:53 UTC] PHP Deprecated:  str_replace(): Passing null to parameter #3 ($subject) of type array|string is deprecated in C:\xampp\htdocs\AnimeShop\wp-includes\functions.php on line 2196
[02-May-2026 06:38:19 UTC] PHP Deprecated:  strpos(): Passing null to parameter #1 ($haystack) of type string is deprecated in C:\xampp\htdocs\AnimeShop\wp-includes\functions.php on line 7374
[02-May-2026 06:38:19 UTC] PHP Deprecated:  str_replace(): Passing null to parameter #3 ($subject) of type array|string is deprecated in C:\xampp\htdocs\AnimeShop\wp-includes\functions.php on line 2196
[02-May-2026 06:38:47 UTC] PHP Deprecated:  strpos(): Passing null to parameter #1 ($haystack) of type string is deprecated in C:\xampp\htdocs\AnimeShop\wp-includes\functions.php on line 7374
[02-May-2026 06:38:47 UTC] PHP Deprecated:  str_replace(): Passing null to parameter #3 ($subject) of type array|string is deprecated in C:\xampp\htdocs\AnimeShop\wp-includes\functions.php on line 2196
[02-May-2026 06:38:53 UTC] PHP Deprecated:  strpos(): Passing null to parameter #1 ($haystack) of type string is deprecated in C:\xampp\htdocs\AnimeShop\wp-includes\functions.php on line 7374
[02-May-2026 06:38:53 UTC] PHP Deprecated:  str_replace(): Passing null to parameter #3 ($subject) of type array|string is deprecated in C:\xampp\htdocs\AnimeShop\wp-includes\functions.php on line 2196
[02-May-2026 07:46:13 UTC] PHP Deprecated:  strpos(): Passing null to parameter #1 ($haystack) of type string is deprecated in C:\xampp\htdocs\AnimeShop\wp-includes\functions.php on line 7374
[02-May-2026 07:46:13 UTC] PHP Deprecated:  str_replace(): Passing null to parameter #3 ($subject) of type array|string is deprecated in C:\xampp\htdocs\AnimeShop\wp-includes\functions.php on line 2196
[02-May-2026 07:49:12 UTC] PHP Deprecated:  strpos(): Passing null to parameter #1 ($haystack) of type string is deprecated in C:\xampp\htdocs\AnimeShop\wp-includes\functions.php on line 7374
[02-May-2026 07:49:12 UTC] PHP Deprecated:  str_replace(): Passing null to parameter #3 ($subject) of type array|string is deprecated in C:\xampp\htdocs\AnimeShop\wp-includes\functions.php on line 2196
[02-May-2026 07:49:14 UTC] PHP Deprecated:  strpos(): Passing null to parameter #1 ($haystack) of type string is deprecated in C:\xampp\htdocs\AnimeShop\wp-includes\functions.php on line 7374
[02-May-2026 07:49:14 UTC] PHP Deprecated:  str_replace(): Passing null to parameter #3 ($subject) of type array|string is deprecated in C:\xampp\htdocs\AnimeShop\wp-includes\functions.php on line 2196
[02-May-2026 07:49:25 UTC] PHP Deprecated:  strpos(): Passing null to parameter #1 ($haystack) of type string is deprecated in C:\xampp\htdocs\AnimeShop\wp-includes\functions.php on line 7374
[02-May-2026 07:49:25 UTC] PHP Deprecated:  str_replace(): Passing null to parameter #3 ($subject) of type array|string is deprecated in C:\xampp\htdocs\AnimeShop\wp-includes\functions.php on line 2196
[02-May-2026 07:49:31 UTC] PHP Deprecated:  strpos(): Passing null to parameter #1 ($haystack) of type string is deprecated in C:\xampp\htdocs\AnimeShop\wp-includes\functions.php on line 7374
[02-May-2026 07:49:31 UTC] PHP Deprecated:  str_replace(): Passing null to parameter #3 ($subject) of type array|string is deprecated in C:\xampp\htdocs\AnimeShop\wp-includes\functions.php on line 2196
[02-May-2026 07:54:38 UTC] PHP Parse error:  syntax error, unexpected token "}" in C:\xampp\htdocs\AnimeShop\wp-content\plugins\anime-shop.php on line 823
[02-May-2026 07:56:09 UTC] PHP Parse error:  syntax error, unexpected token "echo" in C:\xampp\htdocs\AnimeShop\wp-content\plugins\anime-shop.php on line 822
[02-May-2026 07:58:09 UTC] PHP Parse error:  syntax error, unexpected token "echo" in C:\xampp\htdocs\AnimeShop\wp-content\plugins\anime-shop.php on line 822
[02-May-2026 08:00:10 UTC] PHP Parse error:  syntax error, unexpected token "echo" in C:\xampp\htdocs\AnimeShop\wp-content\plugins\anime-shop.php on line 822
[02-May-2026 08:05:41 UTC] PHP Deprecated:  strpos(): Passing null to parameter #1 ($haystack) of type string is deprecated in C:\xampp\htdocs\AnimeShop\wp-includes\functions.php on line 7374
[02-May-2026 08:05:41 UTC] PHP Deprecated:  str_replace(): Passing null to parameter #3 ($subject) of type array|string is deprecated in C:\xampp\htdocs\AnimeShop\wp-includes\functions.php on line 2196
[02-May-2026 08:12:22 UTC] PHP Deprecated:  strpos(): Passing null to parameter #1 ($haystack) of type string is deprecated in C:\xampp\htdocs\AnimeShop\wp-includes\functions.php on line 7374
[02-May-2026 08:12:22 UTC] PHP Deprecated:  str_replace(): Passing null to parameter #3 ($subject) of type array|string is deprecated in C:\xampp\htdocs\AnimeShop\wp-includes\functions.php on line 2196
[02-May-2026 08:15:53 UTC] PHP Deprecated:  strpos(): Passing null to parameter #1 ($haystack) of type string is deprecated in C:\xampp\htdocs\AnimeShop\wp-includes\functions.php on line 7374
[02-May-2026 08:15:53 UTC] PHP Deprecated:  str_replace(): Passing null to parameter #3 ($subject) of type array|string is deprecated in C:\xampp\htdocs\AnimeShop\wp-includes\functions.php on line 2196
[02-May-2026 08:17:42 UTC] PHP Deprecated:  strpos(): Passing null to parameter #1 ($haystack) of type string is deprecated in C:\xampp\htdocs\AnimeShop\wp-includes\functions.php on line 7374
[02-May-2026 08:17:42 UTC] PHP Deprecated:  str_replace(): Passing null to parameter #3 ($subject) of type array|string is deprecated in C:\xampp\htdocs\AnimeShop\wp-includes\functions.php on line 2196
[02-May-2026 08:22:43 UTC] PHP Deprecated:  strpos(): Passing null to parameter #1 ($haystack) of type string is deprecated in C:\xampp\htdocs\AnimeShop\wp-includes\functions.php on line 7374
[02-May-2026 08:22:43 UTC] PHP Deprecated:  str_replace(): Passing null to parameter #3 ($subject) of type array|string is deprecated in C:\xampp\htdocs\AnimeShop\wp-includes\functions.php on line 2196
[02-May-2026 08:22:45 UTC] PHP Deprecated:  strpos(): Passing null to parameter #1 ($haystack) of type string is deprecated in C:\xampp\htdocs\AnimeShop\wp-includes\functions.php on line 7374
[02-May-2026 08:22:45 UTC] PHP Deprecated:  str_replace(): Passing null to parameter #3 ($subject) of type array|string is deprecated in C:\xampp\htdocs\AnimeShop\wp-includes\functions.php on line 2196
[02-May-2026 08:25:38 UTC] PHP Deprecated:  strpos(): Passing null to parameter #1 ($haystack) of type string is deprecated in C:\xampp\htdocs\AnimeShop\wp-includes\functions.php on line 7374
[02-May-2026 08:25:38 UTC] PHP Deprecated:  str_replace(): Passing null to parameter #3 ($subject) of type array|string is deprecated in C:\xampp\htdocs\AnimeShop\wp-includes\functions.php on line 2196
[02-May-2026 08:27:01 UTC] PHP Deprecated:  strpos(): Passing null to parameter #1 ($haystack) of type string is deprecated in C:\xampp\htdocs\AnimeShop\wp-includes\functions.php on line 7374
[02-May-2026 08:27:01 UTC] PHP Deprecated:  str_replace(): Passing null to parameter #3 ($subject) of type array|string is deprecated in C:\xampp\htdocs\AnimeShop\wp-includes\functions.php on line 2196
[02-May-2026 08:27:02 UTC] PHP Deprecated:  strpos(): Passing null to parameter #1 ($haystack) of type string is deprecated in C:\xampp\htdocs\AnimeShop\wp-includes\functions.php on line 7374
[02-May-2026 08:27:02 UTC] PHP Deprecated:  str_replace(): Passing null to parameter #3 ($subject) of type array|string is deprecated in C:\xampp\htdocs\AnimeShop\wp-includes\functions.php on line 2196
[02-May-2026 08:27:03 UTC] PHP Deprecated:  strpos(): Passing null to parameter #1 ($haystack) of type string is deprecated in C:\xampp\htdocs\AnimeShop\wp-includes\functions.php on line 7374
[02-May-2026 08:27:03 UTC] PHP Deprecated:  str_replace(): Passing null to parameter #3 ($subject) of type array|string is deprecated in C:\xampp\htdocs\AnimeShop\wp-includes\functions.php on line 2196
[02-May-2026 08:27:04 UTC] PHP Deprecated:  strpos(): Passing null to parameter #1 ($haystack) of type string is deprecated in C:\xampp\htdocs\AnimeShop\wp-includes\functions.php on line 7374
[02-May-2026 08:27:04 UTC] PHP Deprecated:  str_replace(): Passing null to parameter #3 ($subject) of type array|string is deprecated in C:\xampp\htdocs\AnimeShop\wp-includes\functions.php on line 2196
[02-May-2026 08:27:05 UTC] PHP Deprecated:  strpos(): Passing null to parameter #1 ($haystack) of type string is deprecated in C:\xampp\htdocs\AnimeShop\wp-includes\functions.php on line 7374
[02-May-2026 08:27:05 UTC] PHP Deprecated:  str_replace(): Passing null to parameter #3 ($subject) of type array|string is deprecated in C:\xampp\htdocs\AnimeShop\wp-includes\functions.php on line 2196
[02-May-2026 08:27:06 UTC] PHP Deprecated:  strpos(): Passing null to parameter #1 ($haystack) of type string is deprecated in C:\xampp\htdocs\AnimeShop\wp-includes\functions.php on line 7374
[02-May-2026 08:27:06 UTC] PHP Deprecated:  str_replace(): Passing null to parameter #3 ($subject) of type array|string is deprecated in C:\xampp\htdocs\AnimeShop\wp-includes\functions.php on line 2196
[02-May-2026 08:27:18 UTC] PHP Deprecated:  strpos(): Passing null to parameter #1 ($haystack) of type string is deprecated in C:\xampp\htdocs\AnimeShop\wp-includes\functions.php on line 7374
[02-May-2026 08:27:18 UTC] PHP Deprecated:  str_replace(): Passing null to parameter #3 ($subject) of type array|string is deprecated in C:\xampp\htdocs\AnimeShop\wp-includes\functions.php on line 2196
[02-May-2026 08:27:23 UTC] PHP Deprecated:  strpos(): Passing null to parameter #1 ($haystack) of type string is deprecated in C:\xampp\htdocs\AnimeShop\wp-includes\functions.php on line 7374
[02-May-2026 08:27:23 UTC] PHP Deprecated:  str_replace(): Passing null to parameter #3 ($subject) of type array|string is deprecated in C:\xampp\htdocs\AnimeShop\wp-includes\functions.php on line 2196
[02-May-2026 08:27:27 UTC] PHP Deprecated:  strpos(): Passing null to parameter #1 ($haystack) of type string is deprecated in C:\xampp\htdocs\AnimeShop\wp-includes\functions.php on line 7374
[02-May-2026 08:27:27 UTC] PHP Deprecated:  str_replace(): Passing null to parameter #3 ($subject) of type array|string is deprecated in C:\xampp\htdocs\AnimeShop\wp-includes\functions.php on line 2196
[02-May-2026 08:27:28 UTC] PHP Deprecated:  strpos(): Passing null to parameter #1 ($haystack) of type string is deprecated in C:\xampp\htdocs\AnimeShop\wp-includes\functions.php on line 7374
[02-May-2026 08:27:28 UTC] PHP Deprecated:  str_replace(): Passing null to parameter #3 ($subject) of type array|string is deprecated in C:\xampp\htdocs\AnimeShop\wp-includes\functions.php on line 2196
[02-May-2026 08:27:33 UTC] PHP Deprecated:  strpos(): Passing null to parameter #1 ($haystack) of type string is deprecated in C:\xampp\htdocs\AnimeShop\wp-includes\functions.php on line 7374
[02-May-2026 08:27:33 UTC] PHP Deprecated:  str_replace(): Passing null to parameter #3 ($subject) of type array|string is deprecated in C:\xampp\htdocs\AnimeShop\wp-includes\functions.php on line 2196
[02-May-2026 08:33:33 UTC] PHP Deprecated:  strpos(): Passing null to parameter #1 ($haystack) of type string is deprecated in C:\xampp\htdocs\AnimeShop\wp-includes\functions.php on line 7374
[02-May-2026 08:33:33 UTC] PHP Deprecated:  str_replace(): Passing null to parameter #3 ($subject) of type array|string is deprecated in C:\xampp\htdocs\AnimeShop\wp-includes\functions.php on line 2196
[02-May-2026 08:37:23 UTC] PHP Deprecated:  strpos(): Passing null to parameter #1 ($haystack) of type string is deprecated in C:\xampp\htdocs\AnimeShop\wp-includes\functions.php on line 7374
[02-May-2026 08:37:23 UTC] PHP Deprecated:  str_replace(): Passing null to parameter #3 ($subject) of type array|string is deprecated in C:\xampp\htdocs\AnimeShop\wp-includes\functions.php on line 2196
[02-May-2026 08:37:24 UTC] PHP Deprecated:  strpos(): Passing null to parameter #1 ($haystack) of type string is deprecated in C:\xampp\htdocs\AnimeShop\wp-includes\functions.php on line 7374
[02-May-2026 08:37:24 UTC] PHP Deprecated:  str_replace(): Passing null to parameter #3 ($subject) of type array|string is deprecated in C:\xampp\htdocs\AnimeShop\wp-includes\functions.php on line 2196
[02-May-2026 08:37:25 UTC] PHP Deprecated:  strpos(): Passing null to parameter #1 ($haystack) of type string is deprecated in C:\xampp\htdocs\AnimeShop\wp-includes\functions.php on line 7374
[02-May-2026 08:37:25 UTC] PHP Deprecated:  str_replace(): Passing null to parameter #3 ($subject) of type array|string is deprecated in C:\xampp\htdocs\AnimeShop\wp-includes\functions.php on line 2196
[02-May-2026 08:37:26 UTC] PHP Deprecated:  strpos(): Passing null to parameter #1 ($haystack) of type string is deprecated in C:\xampp\htdocs\AnimeShop\wp-includes\functions.php on line 7374
[02-May-2026 08:37:26 UTC] PHP Deprecated:  str_replace(): Passing null to parameter #3 ($subject) of type array|string is deprecated in C:\xampp\htdocs\AnimeShop\wp-includes\functions.php on line 2196
[02-May-2026 08:37:27 UTC] PHP Deprecated:  strpos(): Passing null to parameter #1 ($haystack) of type string is deprecated in C:\xampp\htdocs\AnimeShop\wp-includes\functions.php on line 7374
[02-May-2026 08:37:27 UTC] PHP Deprecated:  str_replace(): Passing null to parameter #3 ($subject) of type array|string is deprecated in C:\xampp\htdocs\AnimeShop\wp-includes\functions.php on line 2196
[02-May-2026 08:37:30 UTC] PHP Deprecated:  strpos(): Passing null to parameter #1 ($haystack) of type string is deprecated in C:\xampp\htdocs\AnimeShop\wp-includes\functions.php on line 7374
[02-May-2026 08:37:30 UTC] PHP Deprecated:  str_replace(): Passing null to parameter #3 ($subject) of type array|string is deprecated in C:\xampp\htdocs\AnimeShop\wp-includes\functions.php on line 2196
[02-May-2026 08:37:31 UTC] PHP Deprecated:  strpos(): Passing null to parameter #1 ($haystack) of type string is deprecated in C:\xampp\htdocs\AnimeShop\wp-includes\functions.php on line 7374
[02-May-2026 08:37:31 UTC] PHP Deprecated:  str_replace(): Passing null to parameter #3 ($subject) of type array|string is deprecated in C:\xampp\htdocs\AnimeShop\wp-includes\functions.php on line 2196
[02-May-2026 08:37:42 UTC] PHP Deprecated:  strpos(): Passing null to parameter #1 ($haystack) of type string is deprecated in C:\xampp\htdocs\AnimeShop\wp-includes\functions.php on line 7374
[02-May-2026 08:37:42 UTC] PHP Deprecated:  str_replace(): Passing null to parameter #3 ($subject) of type array|string is deprecated in C:\xampp\htdocs\AnimeShop\wp-includes\functions.php on line 2196
[02-May-2026 08:38:28 UTC] PHP Deprecated:  strpos(): Passing null to parameter #1 ($haystack) of type string is deprecated in C:\xampp\htdocs\AnimeShop\wp-includes\functions.php on line 7374
[02-May-2026 08:38:28 UTC] PHP Deprecated:  str_replace(): Passing null to parameter #3 ($subject) of type array|string is deprecated in C:\xampp\htdocs\AnimeShop\wp-includes\functions.php on line 2196
[02-May-2026 08:38:31 UTC] PHP Deprecated:  strpos(): Passing null to parameter #1 ($haystack) of type string is deprecated in C:\xampp\htdocs\AnimeShop\wp-includes\functions.php on line 7374
[02-May-2026 08:38:31 UTC] PHP Deprecated:  str_replace(): Passing null to parameter #3 ($subject) of type array|string is deprecated in C:\xampp\htdocs\AnimeShop\wp-includes\functions.php on line 2196
[02-May-2026 08:39:29 UTC] PHP Deprecated:  strpos(): Passing null to parameter #1 ($haystack) of type string is deprecated in C:\xampp\htdocs\AnimeShop\wp-includes\functions.php on line 7374
[02-May-2026 08:39:29 UTC] PHP Deprecated:  str_replace(): Passing null to parameter #3 ($subject) of type array|string is deprecated in C:\xampp\htdocs\AnimeShop\wp-includes\functions.php on line 2196
[02-May-2026 08:39:56 UTC] PHP Deprecated:  strpos(): Passing null to parameter #1 ($haystack) of type string is deprecated in C:\xampp\htdocs\AnimeShop\wp-includes\functions.php on line 7374
[02-May-2026 08:39:56 UTC] PHP Deprecated:  str_replace(): Passing null to parameter #3 ($subject) of type array|string is deprecated in C:\xampp\htdocs\AnimeShop\wp-includes\functions.php on line 2196
[02-May-2026 08:44:22 UTC] PHP Deprecated:  strpos(): Passing null to parameter #1 ($haystack) of type string is deprecated in C:\xampp\htdocs\AnimeShop\wp-includes\functions.php on line 7374
[02-May-2026 08:44:22 UTC] PHP Deprecated:  str_replace(): Passing null to parameter #3 ($subject) of type array|string is deprecated in C:\xampp\htdocs\AnimeShop\wp-includes\functions.php on line 2196
[02-May-2026 08:44:47 UTC] PHP Deprecated:  strpos(): Passing null to parameter #1 ($haystack) of type string is deprecated in C:\xampp\htdocs\AnimeShop\wp-includes\functions.php on line 7374
[02-May-2026 08:44:47 UTC] PHP Deprecated:  str_replace(): Passing null to parameter #3 ($subject) of type array|string is deprecated in C:\xampp\htdocs\AnimeShop\wp-includes\functions.php on line 2196
[02-May-2026 08:44:48 UTC] PHP Deprecated:  strpos(): Passing null to parameter #1 ($haystack) of type string is deprecated in C:\xampp\htdocs\AnimeShop\wp-includes\functions.php on line 7374
[02-May-2026 08:44:48 UTC] PHP Deprecated:  str_replace(): Passing null to parameter #3 ($subject) of type array|string is deprecated in C:\xampp\htdocs\AnimeShop\wp-includes\functions.php on line 2196
[02-May-2026 08:44:49 UTC] PHP Deprecated:  strpos(): Passing null to parameter #1 ($haystack) of type string is deprecated in C:\xampp\htdocs\AnimeShop\wp-includes\functions.php on line 7374
[02-May-2026 08:44:49 UTC] PHP Deprecated:  str_replace(): Passing null to parameter #3 ($subject) of type array|string is deprecated in C:\xampp\htdocs\AnimeShop\wp-includes\functions.php on line 2196
[02-May-2026 08:44:50 UTC] PHP Deprecated:  strpos(): Passing null to parameter #1 ($haystack) of type string is deprecated in C:\xampp\htdocs\AnimeShop\wp-includes\functions.php on line 7374
[02-May-2026 08:44:50 UTC] PHP Deprecated:  str_replace(): Passing null to parameter #3 ($subject) of type array|string is deprecated in C:\xampp\htdocs\AnimeShop\wp-includes\functions.php on line 2196
[02-May-2026 08:45:08 UTC] PHP Deprecated:  strpos(): Passing null to parameter #1 ($haystack) of type string is deprecated in C:\xampp\htdocs\AnimeShop\wp-includes\functions.php on line 7374
[02-May-2026 08:45:08 UTC] PHP Deprecated:  str_replace(): Passing null to parameter #3 ($subject) of type array|string is deprecated in C:\xampp\htdocs\AnimeShop\wp-includes\functions.php on line 2196
[02-May-2026 08:45:09 UTC] PHP Deprecated:  strpos(): Passing null to parameter #1 ($haystack) of type string is deprecated in C:\xampp\htdocs\AnimeShop\wp-includes\functions.php on line 7374
[02-May-2026 08:45:09 UTC] PHP Deprecated:  str_replace(): Passing null to parameter #3 ($subject) of type array|string is deprecated in C:\xampp\htdocs\AnimeShop\wp-includes\functions.php on line 2196
[02-May-2026 08:45:49 UTC] PHP Deprecated:  strpos(): Passing null to parameter #1 ($haystack) of type string is deprecated in C:\xampp\htdocs\AnimeShop\wp-includes\functions.php on line 7374
[02-May-2026 08:45:49 UTC] PHP Deprecated:  str_replace(): Passing null to parameter #3 ($subject) of type array|string is deprecated in C:\xampp\htdocs\AnimeShop\wp-includes\functions.php on line 2196
[02-May-2026 09:57:29 UTC] PHP Deprecated:  strpos(): Passing null to parameter #1 ($haystack) of type string is deprecated in C:\xampp\htdocs\AnimeShop\wp-includes\functions.php on line 7374
[02-May-2026 09:57:29 UTC] PHP Deprecated:  str_replace(): Passing null to parameter #3 ($subject) of type array|string is deprecated in C:\xampp\htdocs\AnimeShop\wp-includes\functions.php on line 2196
[02-May-2026 10:00:15 UTC] PHP Fatal error:  Uncaught TypeError: number_format(): Argument #1 ($num) must be of type float, string given in C:\xampp\htdocs\AnimeShop\wp-content\plugins\anime-shop.php:2809
Stack trace:
#0 C:\xampp\htdocs\AnimeShop\wp-content\plugins\anime-shop.php(2809): number_format('', 0, ',', '.')
#1 C:\xampp\htdocs\AnimeShop\wp-includes\shortcodes.php(434): anime_shop_search_shortcode(Array, '', 'anime_search')
#2 [internal function]: do_shortcode_tag(Array)
#3 C:\xampp\htdocs\AnimeShop\wp-includes\shortcodes.php(273): preg_replace_callback('/\\[(\\[?)(anime_...', 'do_shortcode_ta...', '[anime_search]\n')
#4 C:\xampp\htdocs\AnimeShop\wp-includes\class-wp-hook.php(341): do_shortcode('[anime_search]\n')
#5 C:\xampp\htdocs\AnimeShop\wp-includes\plugin.php(205): WP_Hook->apply_filters('[anime_search]\n', Array)
#6 C:\xampp\htdocs\AnimeShop\wp-includes\rest-api\endpoints\class-wp-rest-posts-controller.php(1972): apply_filters('the_content', '[anime_search]')
#7 C:\xampp\htdocs\AnimeShop\wp-includes\rest-api\endpoints\class-wp-rest-posts-controller.php(476): WP_REST_Posts_Controller->prepare_item_for_response(Object(WP_Post), Object(WP_REST_Request))
#8 C:\xampp\htdocs\AnimeShop\wp-includes\rest-api\class-wp-rest-server.php(1292): WP_REST_Posts_Controller->get_items(Object(WP_REST_Request))
#9 C:\xampp\htdocs\AnimeShop\wp-includes\rest-api\class-wp-rest-server.php(1125): WP_REST_Server->respond_to_request(Object(WP_REST_Request), '/wp/v2/pages', Array, NULL)
#10 C:\xampp\htdocs\AnimeShop\wp-includes\rest-api\class-wp-rest-server.php(439): WP_REST_Server->dispatch(Object(WP_REST_Request))
#11 C:\xampp\htdocs\AnimeShop\wp-includes\rest-api.php(467): WP_REST_Server->serve_request('/wp/v2/pages')
#12 C:\xampp\htdocs\AnimeShop\wp-includes\class-wp-hook.php(341): rest_api_loaded(Object(WP))
#13 C:\xampp\htdocs\AnimeShop\wp-includes\class-wp-hook.php(365): WP_Hook->apply_filters('', Array)
#14 C:\xampp\htdocs\AnimeShop\wp-includes\plugin.php(570): WP_Hook->do_action(Array)
#15 C:\xampp\htdocs\AnimeShop\wp-includes\class-wp.php(418): do_action_ref_array('parse_request', Array)
#16 C:\xampp\htdocs\AnimeShop\wp-includes\class-wp.php(821): WP->parse_request('')
#17 C:\xampp\htdocs\AnimeShop\wp-includes\functions.php(1343): WP->main('')
#18 C:\xampp\htdocs\AnimeShop\wp-blog-header.php(16): wp()
#19 C:\xampp\htdocs\AnimeShop\index.php(17): require('C:\\xampp\\htdocs...')
#20 {main}
  thrown in C:\xampp\htdocs\AnimeShop\wp-content\plugins\anime-shop.php on line 2809
[02-May-2026 10:01:15 UTC] PHP Deprecated:  strpos(): Passing null to parameter #1 ($haystack) of type string is deprecated in C:\xampp\htdocs\AnimeShop\wp-includes\functions.php on line 7374
[02-May-2026 10:01:15 UTC] PHP Deprecated:  str_replace(): Passing null to parameter #3 ($subject) of type array|string is deprecated in C:\xampp\htdocs\AnimeShop\wp-includes\functions.php on line 2196
[02-May-2026 10:07:19 UTC] PHP Warning:  Cannot modify header information - headers already sent by (output started at C:\xampp\htdocs\AnimeShop\wp-includes\class-wp-styles.php:208) in C:\xampp\htdocs\AnimeShop\wp-includes\pluggable.php on line 1531
[02-May-2026 10:07:19 UTC] PHP Warning:  Cannot modify header information - headers already sent by (output started at C:\xampp\htdocs\AnimeShop\wp-includes\class-wp-styles.php:208) in C:\xampp\htdocs\AnimeShop\wp-includes\pluggable.php on line 1534
[02-May-2026 10:31:06 UTC] PHP Deprecated:  strpos(): Passing null to parameter #1 ($haystack) of type string is deprecated in C:\xampp\htdocs\AnimeShop\wp-includes\functions.php on line 7374
[02-May-2026 10:31:06 UTC] PHP Deprecated:  str_replace(): Passing null to parameter #3 ($subject) of type array|string is deprecated in C:\xampp\htdocs\AnimeShop\wp-includes\functions.php on line 2196
[02-May-2026 10:47:46 UTC] PHP Warning:  Cannot modify header information - headers already sent by (output started at C:\xampp\htdocs\AnimeShop\wp-includes\class-wp-styles.php:208) in C:\xampp\htdocs\AnimeShop\wp-includes\pluggable.php on line 1531
[02-May-2026 10:47:46 UTC] PHP Warning:  Cannot modify header information - headers already sent by (output started at C:\xampp\htdocs\AnimeShop\wp-includes\class-wp-styles.php:208) in C:\xampp\htdocs\AnimeShop\wp-includes\pluggable.php on line 1534
[02-May-2026 10:59:11 UTC] PHP Warning:  Cannot modify header information - headers already sent by (output started at C:\xampp\htdocs\AnimeShop\wp-includes\class-wp-styles.php:208) in C:\xampp\htdocs\AnimeShop\wp-includes\pluggable.php on line 1531
[02-May-2026 10:59:11 UTC] PHP Warning:  Cannot modify header information - headers already sent by (output started at C:\xampp\htdocs\AnimeShop\wp-includes\class-wp-styles.php:208) in C:\xampp\htdocs\AnimeShop\wp-includes\pluggable.php on line 1534
[02-May-2026 10:59:16 UTC] Automatic updates starting...
[02-May-2026 10:59:25 UTC] Automatic updates complete.
[02-May-2026 11:15:12 UTC] PHP Warning:  Cannot modify header information - headers already sent by (output started at C:\xampp\htdocs\AnimeShop\wp-includes\class-wp-styles.php:208) in C:\xampp\htdocs\AnimeShop\wp-includes\pluggable.php on line 1531
[02-May-2026 11:15:12 UTC] PHP Warning:  Cannot modify header information - headers already sent by (output started at C:\xampp\htdocs\AnimeShop\wp-includes\class-wp-styles.php:208) in C:\xampp\htdocs\AnimeShop\wp-includes\pluggable.php on line 1534
[02-May-2026 11:28:44 UTC] PHP Warning:  Cannot modify header information - headers already sent by (output started at C:\xampp\htdocs\AnimeShop\wp-includes\class-wp-styles.php:208) in C:\xampp\htdocs\AnimeShop\wp-includes\pluggable.php on line 1531
[02-May-2026 11:28:45 UTC] PHP Warning:  Cannot modify header information - headers already sent by (output started at C:\xampp\htdocs\AnimeShop\wp-includes\class-wp-styles.php:208) in C:\xampp\htdocs\AnimeShop\wp-includes\pluggable.php on line 1534
[02-May-2026 11:46:55 UTC] PHP Warning:  Cannot modify header information - headers already sent by (output started at C:\xampp\htdocs\AnimeShop\wp-includes\class-wp-styles.php:208) in C:\xampp\htdocs\AnimeShop\wp-includes\pluggable.php on line 1531
[02-May-2026 11:46:55 UTC] PHP Warning:  Cannot modify header information - headers already sent by (output started at C:\xampp\htdocs\AnimeShop\wp-includes\class-wp-styles.php:208) in C:\xampp\htdocs\AnimeShop\wp-includes\pluggable.php on line 1534
[02-May-2026 12:04:20 UTC] PHP Warning:  Cannot modify header information - headers already sent by (output started at C:\xampp\htdocs\AnimeShop\wp-includes\class-wp-styles.php:208) in C:\xampp\htdocs\AnimeShop\wp-includes\pluggable.php on line 1531
[02-May-2026 12:04:20 UTC] PHP Warning:  Cannot modify header information - headers already sent by (output started at C:\xampp\htdocs\AnimeShop\wp-includes\class-wp-styles.php:208) in C:\xampp\htdocs\AnimeShop\wp-includes\pluggable.php on line 1534
[02-May-2026 12:37:01 UTC] PHP Warning:  Cannot modify header information - headers already sent by (output started at C:\xampp\htdocs\AnimeShop\wp-includes\class-wp-styles.php:208) in C:\xampp\htdocs\AnimeShop\wp-includes\pluggable.php on line 1531
[02-May-2026 12:37:01 UTC] PHP Warning:  Cannot modify header information - headers already sent by (output started at C:\xampp\htdocs\AnimeShop\wp-includes\class-wp-styles.php:208) in C:\xampp\htdocs\AnimeShop\wp-includes\pluggable.php on line 1534
[02-May-2026 12:52:35 UTC] PHP Warning:  Cannot modify header information - headers already sent by (output started at C:\xampp\htdocs\AnimeShop\wp-includes\class-wp-styles.php:208) in C:\xampp\htdocs\AnimeShop\wp-includes\pluggable.php on line 1531
[02-May-2026 12:52:35 UTC] PHP Warning:  Cannot modify header information - headers already sent by (output started at C:\xampp\htdocs\AnimeShop\wp-includes\class-wp-styles.php:208) in C:\xampp\htdocs\AnimeShop\wp-includes\pluggable.php on line 1534
[02-May-2026 16:35:59 UTC] PHP Warning:  Cannot modify header information - headers already sent by (output started at C:\xampp\htdocs\AnimeShop\wp-includes\class-wp-styles.php:208) in C:\xampp\htdocs\AnimeShop\wp-content\plugins\anime-shop.php on line 392
[02-May-2026 16:36:01 UTC] PHP Warning:  Cannot modify header information - headers already sent by (output started at C:\xampp\htdocs\AnimeShop\wp-includes\class-wp-styles.php:208) in C:\xampp\htdocs\AnimeShop\wp-content\plugins\anime-shop.php on line 392
[03-May-2026 12:01:09 UTC] PHP Warning:  Cannot modify header information - headers already sent by (output started at C:\xampp\htdocs\AnimeShop\wp-includes\class-wp-styles.php:208) in C:\xampp\htdocs\AnimeShop\wp-content\plugins\anime-shop.php on line 392
[03-May-2026 12:01:13 UTC] Automatic updates starting...
[03-May-2026 12:01:15 UTC] Automatic updates complete.
[03-May-2026 12:08:33 UTC] PHP Deprecated:  strpos(): Passing null to parameter #1 ($haystack) of type string is deprecated in C:\xampp\htdocs\AnimeShop\wp-includes\functions.php on line 7374
[03-May-2026 12:08:33 UTC] PHP Deprecated:  str_replace(): Passing null to parameter #3 ($subject) of type array|string is deprecated in C:\xampp\htdocs\AnimeShop\wp-includes\functions.php on line 2196
[10-May-2026 08:32:02 UTC] Automatic updates starting...
[10-May-2026 08:32:05 UTC] Automatic updates complete.
[10-May-2026 08:32:17 UTC] PHP Warning:  Cannot modify header information - headers already sent by (output started at C:\xampp\htdocs\AnimeShop\wp-includes\class-wp-styles.php:208) in C:\xampp\htdocs\AnimeShop\wp-content\plugins\anime-shop\anime-shop.php on line 392
[10-May-2026 08:32:19 UTC] PHP Warning:  Cannot modify header information - headers already sent by (output started at C:\xampp\htdocs\AnimeShop\wp-includes\class-wp-styles.php:208) in C:\xampp\htdocs\AnimeShop\wp-content\plugins\anime-shop\anime-shop.php on line 392
[10-May-2026 08:32:20 UTC] PHP Warning:  Cannot modify header information - headers already sent by (output started at C:\xampp\htdocs\AnimeShop\wp-includes\class-wp-styles.php:208) in C:\xampp\htdocs\AnimeShop\wp-content\plugins\anime-shop\anime-shop.php on line 392
[10-May-2026 08:32:21 UTC] PHP Warning:  Cannot modify header information - headers already sent by (output started at C:\xampp\htdocs\AnimeShop\wp-includes\class-wp-styles.php:208) in C:\xampp\htdocs\AnimeShop\wp-content\plugins\anime-shop\anime-shop.php on line 392
[10-May-2026 08:32:22 UTC] PHP Warning:  Cannot modify header information - headers already sent by (output started at C:\xampp\htdocs\AnimeShop\wp-includes\class-wp-styles.php:208) in C:\xampp\htdocs\AnimeShop\wp-content\plugins\anime-shop\anime-shop.php on line 392
[10-May-2026 08:56:22 UTC] PHP Deprecated:  strpos(): Passing null to parameter #1 ($haystack) of type string is deprecated in C:\xampp\htdocs\AnimeShop\wp-includes\functions.php on line 7374
[10-May-2026 08:56:22 UTC] PHP Deprecated:  str_replace(): Passing null to parameter #3 ($subject) of type array|string is deprecated in C:\xampp\htdocs\AnimeShop\wp-includes\functions.php on line 2196
[10-May-2026 08:56:41 UTC] PHP Deprecated:  strpos(): Passing null to parameter #1 ($haystack) of type string is deprecated in C:\xampp\htdocs\AnimeShop\wp-includes\functions.php on line 7374
[10-May-2026 08:56:41 UTC] PHP Deprecated:  str_replace(): Passing null to parameter #3 ($subject) of type array|string is deprecated in C:\xampp\htdocs\AnimeShop\wp-includes\functions.php on line 2196
[10-May-2026 08:56:44 UTC] PHP Deprecated:  strpos(): Passing null to parameter #1 ($haystack) of type string is deprecated in C:\xampp\htdocs\AnimeShop\wp-includes\functions.php on line 7374
[10-May-2026 08:56:44 UTC] PHP Deprecated:  str_replace(): Passing null to parameter #3 ($subject) of type array|string is deprecated in C:\xampp\htdocs\AnimeShop\wp-includes\functions.php on line 2196
[10-May-2026 08:56:53 UTC] PHP Deprecated:  strpos(): Passing null to parameter #1 ($haystack) of type string is deprecated in C:\xampp\htdocs\AnimeShop\wp-includes\functions.php on line 7374
[10-May-2026 08:56:53 UTC] PHP Deprecated:  str_replace(): Passing null to parameter #3 ($subject) of type array|string is deprecated in C:\xampp\htdocs\AnimeShop\wp-includes\functions.php on line 2196
[10-May-2026 11:03:20 UTC] Automatic updates starting...
[10-May-2026 11:03:24 UTC] Automatic updates complete.
[10-May-2026 19:29:35 UTC] PHP Warning:  Cannot modify header information - headers already sent by (output started at C:\xampp\htdocs\AnimeShop\wp-includes\class-wp-styles.php:208) in C:\xampp\htdocs\AnimeShop\wp-content\plugins\anime-shop\anime-shop.php on line 392
[10-May-2026 19:29:46 UTC] PHP Warning:  Cannot modify header information - headers already sent by (output started at C:\xampp\htdocs\AnimeShop\wp-includes\class-wp-styles.php:208) in C:\xampp\htdocs\AnimeShop\wp-content\plugins\anime-shop\anime-shop.php on line 392
[11-May-2026 18:33:43 UTC] PHP Warning:  Cannot modify header information - headers already sent by (output started at C:\xampp\htdocs\AnimeShop\wp-includes\class-wp-styles.php:208) in C:\xampp\htdocs\AnimeShop\wp-content\plugins\anime-shop\anime-shop.php on line 392
[11-May-2026 18:33:43 UTC] PHP Warning:  Cannot modify header information - headers already sent by (output started at C:\xampp\htdocs\AnimeShop\wp-includes\class-wp-styles.php:208) in C:\xampp\htdocs\AnimeShop\wp-content\plugins\anime-shop\anime-shop.php on line 392
[11-May-2026 18:44:11 UTC] PHP Warning:  Cannot modify header information - headers already sent by (output started at C:\xampp\htdocs\AnimeShop\wp-includes\class-wp-styles.php:208) in C:\xampp\htdocs\AnimeShop\wp-content\plugins\anime-shop\anime-shop.php on line 392
[11-May-2026 18:47:04 UTC] Automatic updates starting...
[11-May-2026 18:47:07 UTC] PHP Deprecated:  strpos(): Passing null to parameter #1 ($haystack) of type string is deprecated in C:\xampp\htdocs\AnimeShop\wp-includes\functions.php on line 7374
[11-May-2026 18:47:07 UTC] PHP Deprecated:  str_replace(): Passing null to parameter #3 ($subject) of type array|string is deprecated in C:\xampp\htdocs\AnimeShop\wp-includes\functions.php on line 2196
[11-May-2026 18:47:08 UTC] Automatic updates complete.
[11-May-2026 18:47:18 UTC] PHP Deprecated:  strpos(): Passing null to parameter #1 ($haystack) of type string is deprecated in C:\xampp\htdocs\AnimeShop\wp-includes\functions.php on line 7374
[11-May-2026 18:47:18 UTC] PHP Deprecated:  str_replace(): Passing null to parameter #3 ($subject) of type array|string is deprecated in C:\xampp\htdocs\AnimeShop\wp-includes\functions.php on line 2196
[11-May-2026 23:50:16 UTC] Automatic updates starting...
[11-May-2026 23:50:20 UTC] Automatic updates complete.
[13-May-2026 03:46:34 UTC] Automatic updates starting...
[13-May-2026 03:46:36 UTC] Automatic updates complete.
[13-May-2026 05:38:35 UTC] PHP Warning:  Cannot modify header information - headers already sent by (output started at C:\xampp\htdocs\AnimeShop\wp-includes\class-wp-styles.php:208) in C:\xampp\htdocs\AnimeShop\wp-content\plugins\anime-shop\anime-shop.php on line 392
[13-May-2026 05:42:35 UTC] PHP Warning:  Cannot modify header information - headers already sent by (output started at C:\xampp\htdocs\AnimeShop\wp-includes\class-wp-styles.php:208) in C:\xampp\htdocs\AnimeShop\wp-content\plugins\anime-shop\anime-shop.php on line 392
[13-May-2026 05:43:33 UTC] PHP Warning:  Cannot modify header information - headers already sent by (output started at C:\xampp\htdocs\AnimeShop\wp-includes\class-wp-styles.php:208) in C:\xampp\htdocs\AnimeShop\wp-content\plugins\anime-shop\anime-shop.php on line 392
[13-May-2026 05:45:01 UTC] PHP Warning:  Cannot modify header information - headers already sent by (output started at C:\xampp\htdocs\AnimeShop\wp-includes\class-wp-styles.php:208) in C:\xampp\htdocs\AnimeShop\wp-content\plugins\anime-shop\anime-shop.php on line 392
[13-May-2026 05:46:04 UTC] PHP Warning:  Cannot modify header information - headers already sent by (output started at C:\xampp\htdocs\AnimeShop\wp-includes\class-wp-styles.php:208) in C:\xampp\htdocs\AnimeShop\wp-content\plugins\anime-shop\anime-shop.php on line 392
[13-May-2026 06:14:30 UTC] PHP Warning:  Cannot modify header information - headers already sent by (output started at C:\xampp\htdocs\AnimeShop\wp-includes\class-wp-styles.php:208) in C:\xampp\htdocs\AnimeShop\wp-content\plugins\anime-shop\anime-shop.php on line 392
[13-May-2026 07:32:39 UTC] PHP Warning:  Cannot modify header information - headers already sent by (output started at C:\xampp\htdocs\AnimeShop\wp-includes\class-wp-styles.php:208) in C:\xampp\htdocs\AnimeShop\wp-content\plugins\anime-shop\anime-shop.php on line 392
[13-May-2026 07:32:57 UTC] PHP Deprecated:  strpos(): Passing null to parameter #1 ($haystack) of type string is deprecated in C:\xampp\htdocs\AnimeShop\wp-includes\functions.php on line 7374
[13-May-2026 07:32:57 UTC] PHP Deprecated:  str_replace(): Passing null to parameter #3 ($subject) of type array|string is deprecated in C:\xampp\htdocs\AnimeShop\wp-includes\functions.php on line 2196
[13-May-2026 07:44:28 UTC] PHP Deprecated:  strpos(): Passing null to parameter #1 ($haystack) of type string is deprecated in C:\xampp\htdocs\AnimeShop\wp-includes\functions.php on line 7374
[13-May-2026 07:44:28 UTC] PHP Deprecated:  str_replace(): Passing null to parameter #3 ($subject) of type array|string is deprecated in C:\xampp\htdocs\AnimeShop\wp-includes\functions.php on line 2196
[13-May-2026 07:44:34 UTC] PHP Deprecated:  strpos(): Passing null to parameter #1 ($haystack) of type string is deprecated in C:\xampp\htdocs\AnimeShop\wp-includes\functions.php on line 7374
[13-May-2026 07:44:34 UTC] PHP Deprecated:  str_replace(): Passing null to parameter #3 ($subject) of type array|string is deprecated in C:\xampp\htdocs\AnimeShop\wp-includes\functions.php on line 2196
[13-May-2026 07:47:19 UTC] PHP Deprecated:  strpos(): Passing null to parameter #1 ($haystack) of type string is deprecated in C:\xampp\htdocs\AnimeShop\wp-includes\functions.php on line 7374
[13-May-2026 07:47:19 UTC] PHP Deprecated:  str_replace(): Passing null to parameter #3 ($subject) of type array|string is deprecated in C:\xampp\htdocs\AnimeShop\wp-includes\functions.php on line 2196
[13-May-2026 07:47:20 UTC] PHP Deprecated:  strpos(): Passing null to parameter #1 ($haystack) of type string is deprecated in C:\xampp\htdocs\AnimeShop\wp-includes\functions.php on line 7374
[13-May-2026 07:47:20 UTC] PHP Deprecated:  str_replace(): Passing null to parameter #3 ($subject) of type array|string is deprecated in C:\xampp\htdocs\AnimeShop\wp-includes\functions.php on line 2196
[13-May-2026 07:47:21 UTC] PHP Deprecated:  strpos(): Passing null to parameter #1 ($haystack) of type string is deprecated in C:\xampp\htdocs\AnimeShop\wp-includes\functions.php on line 7374
[13-May-2026 07:47:21 UTC] PHP Deprecated:  str_replace(): Passing null to parameter #3 ($subject) of type array|string is deprecated in C:\xampp\htdocs\AnimeShop\wp-includes\functions.php on line 2196
[13-May-2026 07:47:22 UTC] PHP Deprecated:  strpos(): Passing null to parameter #1 ($haystack) of type string is deprecated in C:\xampp\htdocs\AnimeShop\wp-includes\functions.php on line 7374
[13-May-2026 07:47:22 UTC] PHP Deprecated:  str_replace(): Passing null to parameter #3 ($subject) of type array|string is deprecated in C:\xampp\htdocs\AnimeShop\wp-includes\functions.php on line 2196
[13-May-2026 07:47:24 UTC] PHP Deprecated:  strpos(): Passing null to parameter #1 ($haystack) of type string is deprecated in C:\xampp\htdocs\AnimeShop\wp-includes\functions.php on line 7374
[13-May-2026 07:47:24 UTC] PHP Deprecated:  str_replace(): Passing null to parameter #3 ($subject) of type array|string is deprecated in C:\xampp\htdocs\AnimeShop\wp-includes\functions.php on line 2196
[13-May-2026 07:47:30 UTC] PHP Deprecated:  strpos(): Passing null to parameter #1 ($haystack) of type string is deprecated in C:\xampp\htdocs\AnimeShop\wp-includes\functions.php on line 7374
[13-May-2026 07:47:30 UTC] PHP Deprecated:  str_replace(): Passing null to parameter #3 ($subject) of type array|string is deprecated in C:\xampp\htdocs\AnimeShop\wp-includes\functions.php on line 2196
[13-May-2026 07:47:31 UTC] PHP Deprecated:  strpos(): Passing null to parameter #1 ($haystack) of type string is deprecated in C:\xampp\htdocs\AnimeShop\wp-includes\functions.php on line 7374
[13-May-2026 07:47:31 UTC] PHP Deprecated:  str_replace(): Passing null to parameter #3 ($subject) of type array|string is deprecated in C:\xampp\htdocs\AnimeShop\wp-includes\functions.php on line 2196
[13-May-2026 07:47:34 UTC] PHP Deprecated:  strpos(): Passing null to parameter #1 ($haystack) of type string is deprecated in C:\xampp\htdocs\AnimeShop\wp-includes\functions.php on line 7374
[13-May-2026 07:47:34 UTC] PHP Deprecated:  str_replace(): Passing null to parameter #3 ($subject) of type array|string is deprecated in C:\xampp\htdocs\AnimeShop\wp-includes\functions.php on line 2196
[13-May-2026 07:47:44 UTC] PHP Deprecated:  strpos(): Passing null to parameter #1 ($haystack) of type string is deprecated in C:\xampp\htdocs\AnimeShop\wp-includes\functions.php on line 7374
[13-May-2026 07:47:44 UTC] PHP Deprecated:  str_replace(): Passing null to parameter #3 ($subject) of type array|string is deprecated in C:\xampp\htdocs\AnimeShop\wp-includes\functions.php on line 2196
[13-May-2026 07:52:36 UTC] PHP Deprecated:  strpos(): Passing null to parameter #1 ($haystack) of type string is deprecated in C:\xampp\htdocs\AnimeShop\wp-includes\functions.php on line 7374
[13-May-2026 07:52:36 UTC] PHP Deprecated:  str_replace(): Passing null to parameter #3 ($subject) of type array|string is deprecated in C:\xampp\htdocs\AnimeShop\wp-includes\functions.php on line 2196
[13-May-2026 07:52:57 UTC] PHP Deprecated:  strpos(): Passing null to parameter #1 ($haystack) of type string is deprecated in C:\xampp\htdocs\AnimeShop\wp-includes\functions.php on line 7374
[13-May-2026 07:52:57 UTC] PHP Deprecated:  str_replace(): Passing null to parameter #3 ($subject) of type array|string is deprecated in C:\xampp\htdocs\AnimeShop\wp-includes\functions.php on line 2196
[13-May-2026 07:52:59 UTC] PHP Deprecated:  strpos(): Passing null to parameter #1 ($haystack) of type string is deprecated in C:\xampp\htdocs\AnimeShop\wp-includes\functions.php on line 7374
[13-May-2026 07:52:59 UTC] PHP Deprecated:  str_replace(): Passing null to parameter #3 ($subject) of type array|string is deprecated in C:\xampp\htdocs\AnimeShop\wp-includes\functions.php on line 2196
[13-May-2026 07:53:00 UTC] PHP Deprecated:  strpos(): Passing null to parameter #1 ($haystack) of type string is deprecated in C:\xampp\htdocs\AnimeShop\wp-includes\functions.php on line 7374
[13-May-2026 07:53:00 UTC] PHP Deprecated:  str_replace(): Passing null to parameter #3 ($subject) of type array|string is deprecated in C:\xampp\htdocs\AnimeShop\wp-includes\functions.php on line 2196
[13-May-2026 07:53:01 UTC] PHP Deprecated:  strpos(): Passing null to parameter #1 ($haystack) of type string is deprecated in C:\xampp\htdocs\AnimeShop\wp-includes\functions.php on line 7374
[13-May-2026 07:53:01 UTC] PHP Deprecated:  str_replace(): Passing null to parameter #3 ($subject) of type array|string is deprecated in C:\xampp\htdocs\AnimeShop\wp-includes\functions.php on line 2196
[13-May-2026 07:53:16 UTC] PHP Deprecated:  strpos(): Passing null to parameter #1 ($haystack) of type string is deprecated in C:\xampp\htdocs\AnimeShop\wp-includes\functions.php on line 7374
[13-May-2026 07:53:16 UTC] PHP Deprecated:  str_replace(): Passing null to parameter #3 ($subject) of type array|string is deprecated in C:\xampp\htdocs\AnimeShop\wp-includes\functions.php on line 2196
[13-May-2026 07:53:17 UTC] PHP Deprecated:  strpos(): Passing null to parameter #1 ($haystack) of type string is deprecated in C:\xampp\htdocs\AnimeShop\wp-includes\functions.php on line 7374
[13-May-2026 07:53:17 UTC] PHP Deprecated:  str_replace(): Passing null to parameter #3 ($subject) of type array|string is deprecated in C:\xampp\htdocs\AnimeShop\wp-includes\functions.php on line 2196
[13-May-2026 07:53:25 UTC] PHP Deprecated:  strpos(): Passing null to parameter #1 ($haystack) of type string is deprecated in C:\xampp\htdocs\AnimeShop\wp-includes\functions.php on line 7374
[13-May-2026 07:53:25 UTC] PHP Deprecated:  str_replace(): Passing null to parameter #3 ($subject) of type array|string is deprecated in C:\xampp\htdocs\AnimeShop\wp-includes\functions.php on line 2196
[13-May-2026 07:53:29 UTC] PHP Warning:  Cannot modify header information - headers already sent by (output started at C:\xampp\htdocs\AnimeShop\wp-includes\class-wp-styles.php:208) in C:\xampp\htdocs\AnimeShop\wp-content\plugins\anime-shop\anime-shop.php on line 392
[13-May-2026 07:57:22 UTC] PHP Deprecated:  strpos(): Passing null to parameter #1 ($haystack) of type string is deprecated in C:\xampp\htdocs\AnimeShop\wp-includes\functions.php on line 7374
[13-May-2026 07:57:22 UTC] PHP Deprecated:  str_replace(): Passing null to parameter #3 ($subject) of type array|string is deprecated in C:\xampp\htdocs\AnimeShop\wp-includes\functions.php on line 2196
[13-May-2026 08:07:37 UTC] PHP Deprecated:  strpos(): Passing null to parameter #1 ($haystack) of type string is deprecated in C:\xampp\htdocs\AnimeShop\wp-includes\functions.php on line 7374
[13-May-2026 08:07:37 UTC] PHP Deprecated:  str_replace(): Passing null to parameter #3 ($subject) of type array|string is deprecated in C:\xampp\htdocs\AnimeShop\wp-includes\functions.php on line 2196
[13-May-2026 08:07:44 UTC] PHP Deprecated:  strpos(): Passing null to parameter #1 ($haystack) of type string is deprecated in C:\xampp\htdocs\AnimeShop\wp-includes\functions.php on line 7374
[13-May-2026 08:07:44 UTC] PHP Deprecated:  str_replace(): Passing null to parameter #3 ($subject) of type array|string is deprecated in C:\xampp\htdocs\AnimeShop\wp-includes\functions.php on line 2196
[13-May-2026 08:07:48 UTC] PHP Deprecated:  strpos(): Passing null to parameter #1 ($haystack) of type string is deprecated in C:\xampp\htdocs\AnimeShop\wp-includes\functions.php on line 7374
[13-May-2026 08:07:48 UTC] PHP Deprecated:  str_replace(): Passing null to parameter #3 ($subject) of type array|string is deprecated in C:\xampp\htdocs\AnimeShop\wp-includes\functions.php on line 2196
[13-May-2026 08:09:22 UTC] PHP Deprecated:  strpos(): Passing null to parameter #1 ($haystack) of type string is deprecated in C:\xampp\htdocs\AnimeShop\wp-includes\functions.php on line 7374
[13-May-2026 08:09:22 UTC] PHP Deprecated:  str_replace(): Passing null to parameter #3 ($subject) of type array|string is deprecated in C:\xampp\htdocs\AnimeShop\wp-includes\functions.php on line 2196
[13-May-2026 08:09:29 UTC] PHP Deprecated:  strpos(): Passing null to parameter #1 ($haystack) of type string is deprecated in C:\xampp\htdocs\AnimeShop\wp-includes\functions.php on line 7374
[13-May-2026 08:09:29 UTC] PHP Deprecated:  str_replace(): Passing null to parameter #3 ($subject) of type array|string is deprecated in C:\xampp\htdocs\AnimeShop\wp-includes\functions.php on line 2196
[13-May-2026 08:10:13 UTC] PHP Deprecated:  strpos(): Passing null to parameter #1 ($haystack) of type string is deprecated in C:\xampp\htdocs\AnimeShop\wp-includes\functions.php on line 7374
[13-May-2026 08:10:13 UTC] PHP Deprecated:  str_replace(): Passing null to parameter #3 ($subject) of type array|string is deprecated in C:\xampp\htdocs\AnimeShop\wp-includes\functions.php on line 2196
[13-May-2026 08:12:16 UTC] PHP Deprecated:  strpos(): Passing null to parameter #1 ($haystack) of type string is deprecated in C:\xampp\htdocs\AnimeShop\wp-includes\functions.php on line 7374
[13-May-2026 08:12:16 UTC] PHP Deprecated:  str_replace(): Passing null to parameter #3 ($subject) of type array|string is deprecated in C:\xampp\htdocs\AnimeShop\wp-includes\functions.php on line 2196
[13-May-2026 08:12:30 UTC] PHP Deprecated:  strpos(): Passing null to parameter #1 ($haystack) of type string is deprecated in C:\xampp\htdocs\AnimeShop\wp-includes\functions.php on line 7374
[13-May-2026 08:12:30 UTC] PHP Deprecated:  str_replace(): Passing null to parameter #3 ($subject) of type array|string is deprecated in C:\xampp\htdocs\AnimeShop\wp-includes\functions.php on line 2196
[13-May-2026 08:13:23 UTC] PHP Deprecated:  strpos(): Passing null to parameter #1 ($haystack) of type string is deprecated in C:\xampp\htdocs\AnimeShop\wp-includes\functions.php on line 7374
[13-May-2026 08:13:23 UTC] PHP Deprecated:  str_replace(): Passing null to parameter #3 ($subject) of type array|string is deprecated in C:\xampp\htdocs\AnimeShop\wp-includes\functions.php on line 2196
[13-May-2026 08:13:23 UTC] PHP Deprecated:  strpos(): Passing null to parameter #1 ($haystack) of type string is deprecated in C:\xampp\htdocs\AnimeShop\wp-includes\functions.php on line 7374
[13-May-2026 08:13:23 UTC] PHP Deprecated:  str_replace(): Passing null to parameter #3 ($subject) of type array|string is deprecated in C:\xampp\htdocs\AnimeShop\wp-includes\functions.php on line 2196
[13-May-2026 08:18:12 UTC] PHP Deprecated:  strpos(): Passing null to parameter #1 ($haystack) of type string is deprecated in C:\xampp\htdocs\AnimeShop\wp-includes\functions.php on line 7374
[13-May-2026 08:18:12 UTC] PHP Deprecated:  str_replace(): Passing null to parameter #3 ($subject) of type array|string is deprecated in C:\xampp\htdocs\AnimeShop\wp-includes\functions.php on line 2196
[13-May-2026 08:18:13 UTC] PHP Deprecated:  strpos(): Passing null to parameter #1 ($haystack) of type string is deprecated in C:\xampp\htdocs\AnimeShop\wp-includes\functions.php on line 7374
[13-May-2026 08:18:13 UTC] PHP Deprecated:  str_replace(): Passing null to parameter #3 ($subject) of type array|string is deprecated in C:\xampp\htdocs\AnimeShop\wp-includes\functions.php on line 2196
[13-May-2026 08:18:14 UTC] PHP Deprecated:  strpos(): Passing null to parameter #1 ($haystack) of type string is deprecated in C:\xampp\htdocs\AnimeShop\wp-includes\functions.php on line 7374
[13-May-2026 08:18:14 UTC] PHP Deprecated:  str_replace(): Passing null to parameter #3 ($subject) of type array|string is deprecated in C:\xampp\htdocs\AnimeShop\wp-includes\functions.php on line 2196
[13-May-2026 08:18:25 UTC] PHP Deprecated:  strpos(): Passing null to parameter #1 ($haystack) of type string is deprecated in C:\xampp\htdocs\AnimeShop\wp-includes\functions.php on line 7374
[13-May-2026 08:18:25 UTC] PHP Deprecated:  str_replace(): Passing null to parameter #3 ($subject) of type array|string is deprecated in C:\xampp\htdocs\AnimeShop\wp-includes\functions.php on line 2196
[13-May-2026 08:18:26 UTC] PHP Deprecated:  strpos(): Passing null to parameter #1 ($haystack) of type string is deprecated in C:\xampp\htdocs\AnimeShop\wp-includes\functions.php on line 7374
[13-May-2026 08:18:26 UTC] PHP Deprecated:  str_replace(): Passing null to parameter #3 ($subject) of type array|string is deprecated in C:\xampp\htdocs\AnimeShop\wp-includes\functions.php on line 2196
[13-May-2026 08:18:42 UTC] PHP Deprecated:  strpos(): Passing null to parameter #1 ($haystack) of type string is deprecated in C:\xampp\htdocs\AnimeShop\wp-includes\functions.php on line 7374
[13-May-2026 08:18:42 UTC] PHP Deprecated:  str_replace(): Passing null to parameter #3 ($subject) of type array|string is deprecated in C:\xampp\htdocs\AnimeShop\wp-includes\functions.php on line 2196
[13-May-2026 08:18:43 UTC] PHP Deprecated:  strpos(): Passing null to parameter #1 ($haystack) of type string is deprecated in C:\xampp\htdocs\AnimeShop\wp-includes\functions.php on line 7374
[13-May-2026 08:18:43 UTC] PHP Deprecated:  str_replace(): Passing null to parameter #3 ($subject) of type array|string is deprecated in C:\xampp\htdocs\AnimeShop\wp-includes\functions.php on line 2196
[13-May-2026 08:18:47 UTC] PHP Deprecated:  strpos(): Passing null to parameter #1 ($haystack) of type string is deprecated in C:\xampp\htdocs\AnimeShop\wp-includes\functions.php on line 7374
[13-May-2026 08:18:47 UTC] PHP Deprecated:  str_replace(): Passing null to parameter #3 ($subject) of type array|string is deprecated in C:\xampp\htdocs\AnimeShop\wp-includes\functions.php on line 2196
[13-May-2026 08:18:48 UTC] PHP Deprecated:  strpos(): Passing null to parameter #1 ($haystack) of type string is deprecated in C:\xampp\htdocs\AnimeShop\wp-includes\functions.php on line 7374
[13-May-2026 08:18:48 UTC] PHP Deprecated:  str_replace(): Passing null to parameter #3 ($subject) of type array|string is deprecated in C:\xampp\htdocs\AnimeShop\wp-includes\functions.php on line 2196
[13-May-2026 08:18:58 UTC] PHP Deprecated:  strpos(): Passing null to parameter #1 ($haystack) of type string is deprecated in C:\xampp\htdocs\AnimeShop\wp-includes\functions.php on line 7374
[13-May-2026 08:18:58 UTC] PHP Deprecated:  str_replace(): Passing null to parameter #3 ($subject) of type array|string is deprecated in C:\xampp\htdocs\AnimeShop\wp-includes\functions.php on line 2196
[13-May-2026 08:19:00 UTC] PHP Deprecated:  strpos(): Passing null to parameter #1 ($haystack) of type string is deprecated in C:\xampp\htdocs\AnimeShop\wp-includes\functions.php on line 7374
[13-May-2026 08:19:00 UTC] PHP Deprecated:  str_replace(): Passing null to parameter #3 ($subject) of type array|string is deprecated in C:\xampp\htdocs\AnimeShop\wp-includes\functions.php on line 2196
[13-May-2026 08:19:01 UTC] PHP Deprecated:  strpos(): Passing null to parameter #1 ($haystack) of type string is deprecated in C:\xampp\htdocs\AnimeShop\wp-includes\functions.php on line 7374
[13-May-2026 08:19:01 UTC] PHP Deprecated:  str_replace(): Passing null to parameter #3 ($subject) of type array|string is deprecated in C:\xampp\htdocs\AnimeShop\wp-includes\functions.php on line 2196
[13-May-2026 08:19:02 UTC] PHP Deprecated:  strpos(): Passing null to parameter #1 ($haystack) of type string is deprecated in C:\xampp\htdocs\AnimeShop\wp-includes\functions.php on line 7374
[13-May-2026 08:19:02 UTC] PHP Deprecated:  str_replace(): Passing null to parameter #3 ($subject) of type array|string is deprecated in C:\xampp\htdocs\AnimeShop\wp-includes\functions.php on line 2196
[13-May-2026 08:19:02 UTC] PHP Deprecated:  strpos(): Passing null to parameter #1 ($haystack) of type string is deprecated in C:\xampp\htdocs\AnimeShop\wp-includes\functions.php on line 7374
[13-May-2026 08:19:02 UTC] PHP Deprecated:  str_replace(): Passing null to parameter #3 ($subject) of type array|string is deprecated in C:\xampp\htdocs\AnimeShop\wp-includes\functions.php on line 2196
[13-May-2026 08:19:02 UTC] PHP Deprecated:  strpos(): Passing null to parameter #1 ($haystack) of type string is deprecated in C:\xampp\htdocs\AnimeShop\wp-includes\functions.php on line 7374
[13-May-2026 08:19:02 UTC] PHP Deprecated:  str_replace(): Passing null to parameter #3 ($subject) of type array|string is deprecated in C:\xampp\htdocs\AnimeShop\wp-includes\functions.php on line 2196
[13-May-2026 08:19:03 UTC] PHP Deprecated:  strpos(): Passing null to parameter #1 ($haystack) of type string is deprecated in C:\xampp\htdocs\AnimeShop\wp-includes\functions.php on line 7374
[13-May-2026 08:19:03 UTC] PHP Deprecated:  str_replace(): Passing null to parameter #3 ($subject) of type array|string is deprecated in C:\xampp\htdocs\AnimeShop\wp-includes\functions.php on line 2196
[13-May-2026 08:19:06 UTC] PHP Deprecated:  strpos(): Passing null to parameter #1 ($haystack) of type string is deprecated in C:\xampp\htdocs\AnimeShop\wp-includes\functions.php on line 7374
[13-May-2026 08:19:06 UTC] PHP Deprecated:  str_replace(): Passing null to parameter #3 ($subject) of type array|string is deprecated in C:\xampp\htdocs\AnimeShop\wp-includes\functions.php on line 2196
[13-May-2026 08:19:07 UTC] PHP Deprecated:  strpos(): Passing null to parameter #1 ($haystack) of type string is deprecated in C:\xampp\htdocs\AnimeShop\wp-includes\functions.php on line 7374
[13-May-2026 08:19:07 UTC] PHP Deprecated:  str_replace(): Passing null to parameter #3 ($subject) of type array|string is deprecated in C:\xampp\htdocs\AnimeShop\wp-includes\functions.php on line 2196
[13-May-2026 08:19:12 UTC] PHP Deprecated:  strpos(): Passing null to parameter #1 ($haystack) of type string is deprecated in C:\xampp\htdocs\AnimeShop\wp-includes\functions.php on line 7374
[13-May-2026 08:19:12 UTC] PHP Deprecated:  str_replace(): Passing null to parameter #3 ($subject) of type array|string is deprecated in C:\xampp\htdocs\AnimeShop\wp-includes\functions.php on line 2196
[13-May-2026 08:22:35 UTC] PHP Deprecated:  strpos(): Passing null to parameter #1 ($haystack) of type string is deprecated in C:\xampp\htdocs\AnimeShop\wp-includes\functions.php on line 7374
[13-May-2026 08:22:35 UTC] PHP Deprecated:  str_replace(): Passing null to parameter #3 ($subject) of type array|string is deprecated in C:\xampp\htdocs\AnimeShop\wp-includes\functions.php on line 2196
[13-May-2026 08:22:36 UTC] PHP Deprecated:  strpos(): Passing null to parameter #1 ($haystack) of type string is deprecated in C:\xampp\htdocs\AnimeShop\wp-includes\functions.php on line 7374
[13-May-2026 08:22:36 UTC] PHP Deprecated:  str_replace(): Passing null to parameter #3 ($subject) of type array|string is deprecated in C:\xampp\htdocs\AnimeShop\wp-includes\functions.php on line 2196
[13-May-2026 08:22:37 UTC] PHP Deprecated:  strpos(): Passing null to parameter #1 ($haystack) of type string is deprecated in C:\xampp\htdocs\AnimeShop\wp-includes\functions.php on line 7374
[13-May-2026 08:22:37 UTC] PHP Deprecated:  str_replace(): Passing null to parameter #3 ($subject) of type array|string is deprecated in C:\xampp\htdocs\AnimeShop\wp-includes\functions.php on line 2196
[13-May-2026 08:26:48 UTC] PHP Deprecated:  strpos(): Passing null to parameter #1 ($haystack) of type string is deprecated in C:\xampp\htdocs\AnimeShop\wp-includes\functions.php on line 7374
[13-May-2026 08:26:48 UTC] PHP Deprecated:  str_replace(): Passing null to parameter #3 ($subject) of type array|string is deprecated in C:\xampp\htdocs\AnimeShop\wp-includes\functions.php on line 2196
[13-May-2026 08:26:49 UTC] PHP Deprecated:  strpos(): Passing null to parameter #1 ($haystack) of type string is deprecated in C:\xampp\htdocs\AnimeShop\wp-includes\functions.php on line 7374
[13-May-2026 08:26:49 UTC] PHP Deprecated:  str_replace(): Passing null to parameter #3 ($subject) of type array|string is deprecated in C:\xampp\htdocs\AnimeShop\wp-includes\functions.php on line 2196
[13-May-2026 08:26:50 UTC] PHP Deprecated:  strpos(): Passing null to parameter #1 ($haystack) of type string is deprecated in C:\xampp\htdocs\AnimeShop\wp-includes\functions.php on line 7374
[13-May-2026 08:26:50 UTC] PHP Deprecated:  str_replace(): Passing null to parameter #3 ($subject) of type array|string is deprecated in C:\xampp\htdocs\AnimeShop\wp-includes\functions.php on line 2196
[13-May-2026 08:26:51 UTC] PHP Deprecated:  strpos(): Passing null to parameter #1 ($haystack) of type string is deprecated in C:\xampp\htdocs\AnimeShop\wp-includes\functions.php on line 7374
[13-May-2026 08:26:51 UTC] PHP Deprecated:  str_replace(): Passing null to parameter #3 ($subject) of type array|string is deprecated in C:\xampp\htdocs\AnimeShop\wp-includes\functions.php on line 2196
[13-May-2026 08:26:55 UTC] PHP Deprecated:  strpos(): Passing null to parameter #1 ($haystack) of type string is deprecated in C:\xampp\htdocs\AnimeShop\wp-includes\functions.php on line 7374
[13-May-2026 08:26:55 UTC] PHP Deprecated:  str_replace(): Passing null to parameter #3 ($subject) of type array|string is deprecated in C:\xampp\htdocs\AnimeShop\wp-includes\functions.php on line 2196
[13-May-2026 08:26:56 UTC] PHP Deprecated:  strpos(): Passing null to parameter #1 ($haystack) of type string is deprecated in C:\xampp\htdocs\AnimeShop\wp-includes\functions.php on line 7374
[13-May-2026 08:26:56 UTC] PHP Deprecated:  str_replace(): Passing null to parameter #3 ($subject) of type array|string is deprecated in C:\xampp\htdocs\AnimeShop\wp-includes\functions.php on line 2196
[13-May-2026 08:27:02 UTC] PHP Deprecated:  strpos(): Passing null to parameter #1 ($haystack) of type string is deprecated in C:\xampp\htdocs\AnimeShop\wp-includes\functions.php on line 7374
[13-May-2026 08:27:02 UTC] PHP Deprecated:  str_replace(): Passing null to parameter #3 ($subject) of type array|string is deprecated in C:\xampp\htdocs\AnimeShop\wp-includes\functions.php on line 2196
[13-May-2026 08:27:03 UTC] PHP Deprecated:  strpos(): Passing null to parameter #1 ($haystack) of type string is deprecated in C:\xampp\htdocs\AnimeShop\wp-includes\functions.php on line 7374
[13-May-2026 08:27:03 UTC] PHP Deprecated:  str_replace(): Passing null to parameter #3 ($subject) of type array|string is deprecated in C:\xampp\htdocs\AnimeShop\wp-includes\functions.php on line 2196
[13-May-2026 08:27:04 UTC] PHP Deprecated:  strpos(): Passing null to parameter #1 ($haystack) of type string is deprecated in C:\xampp\htdocs\AnimeShop\wp-includes\functions.php on line 7374
[13-May-2026 08:27:04 UTC] PHP Deprecated:  str_replace(): Passing null to parameter #3 ($subject) of type array|string is deprecated in C:\xampp\htdocs\AnimeShop\wp-includes\functions.php on line 2196
[13-May-2026 08:27:08 UTC] PHP Deprecated:  strpos(): Passing null to parameter #1 ($haystack) of type string is deprecated in C:\xampp\htdocs\AnimeShop\wp-includes\functions.php on line 7374
[13-May-2026 08:27:08 UTC] PHP Deprecated:  str_replace(): Passing null to parameter #3 ($subject) of type array|string is deprecated in C:\xampp\htdocs\AnimeShop\wp-includes\functions.php on line 2196
[13-May-2026 08:27:09 UTC] PHP Deprecated:  strpos(): Passing null to parameter #1 ($haystack) of type string is deprecated in C:\xampp\htdocs\AnimeShop\wp-includes\functions.php on line 7374
[13-May-2026 08:27:09 UTC] PHP Deprecated:  str_replace(): Passing null to parameter #3 ($subject) of type array|string is deprecated in C:\xampp\htdocs\AnimeShop\wp-includes\functions.php on line 2196
[13-May-2026 08:27:15 UTC] PHP Deprecated:  strpos(): Passing null to parameter #1 ($haystack) of type string is deprecated in C:\xampp\htdocs\AnimeShop\wp-includes\functions.php on line 7374
[13-May-2026 08:27:15 UTC] PHP Deprecated:  str_replace(): Passing null to parameter #3 ($subject) of type array|string is deprecated in C:\xampp\htdocs\AnimeShop\wp-includes\functions.php on line 2196
[13-May-2026 08:27:16 UTC] PHP Deprecated:  strpos(): Passing null to parameter #1 ($haystack) of type string is deprecated in C:\xampp\htdocs\AnimeShop\wp-includes\functions.php on line 7374
[13-May-2026 08:27:16 UTC] PHP Deprecated:  str_replace(): Passing null to parameter #3 ($subject) of type array|string is deprecated in C:\xampp\htdocs\AnimeShop\wp-includes\functions.php on line 2196
[13-May-2026 08:27:17 UTC] PHP Deprecated:  strpos(): Passing null to parameter #1 ($haystack) of type string is deprecated in C:\xampp\htdocs\AnimeShop\wp-includes\functions.php on line 7374
[13-May-2026 08:27:17 UTC] PHP Deprecated:  str_replace(): Passing null to parameter #3 ($subject) of type array|string is deprecated in C:\xampp\htdocs\AnimeShop\wp-includes\functions.php on line 2196
[13-May-2026 08:27:22 UTC] PHP Deprecated:  strpos(): Passing null to parameter #1 ($haystack) of type string is deprecated in C:\xampp\htdocs\AnimeShop\wp-includes\functions.php on line 7374
[13-May-2026 08:27:22 UTC] PHP Deprecated:  str_replace(): Passing null to parameter #3 ($subject) of type array|string is deprecated in C:\xampp\htdocs\AnimeShop\wp-includes\functions.php on line 2196
[13-May-2026 08:27:23 UTC] PHP Deprecated:  strpos(): Passing null to parameter #1 ($haystack) of type string is deprecated in C:\xampp\htdocs\AnimeShop\wp-includes\functions.php on line 7374
[13-May-2026 08:27:23 UTC] PHP Deprecated:  str_replace(): Passing null to parameter #3 ($subject) of type array|string is deprecated in C:\xampp\htdocs\AnimeShop\wp-includes\functions.php on line 2196
[13-May-2026 08:27:23 UTC] PHP Deprecated:  strpos(): Passing null to parameter #1 ($haystack) of type string is deprecated in C:\xampp\htdocs\AnimeShop\wp-includes\functions.php on line 7374
[13-May-2026 08:27:23 UTC] PHP Deprecated:  str_replace(): Passing null to parameter #3 ($subject) of type array|string is deprecated in C:\xampp\htdocs\AnimeShop\wp-includes\functions.php on line 2196
[13-May-2026 08:28:29 UTC] PHP Deprecated:  strpos(): Passing null to parameter #1 ($haystack) of type string is deprecated in C:\xampp\htdocs\AnimeShop\wp-includes\functions.php on line 7374
[13-May-2026 08:28:29 UTC] PHP Deprecated:  str_replace(): Passing null to parameter #3 ($subject) of type array|string is deprecated in C:\xampp\htdocs\AnimeShop\wp-includes\functions.php on line 2196
[13-May-2026 08:28:30 UTC] PHP Deprecated:  strpos(): Passing null to parameter #1 ($haystack) of type string is deprecated in C:\xampp\htdocs\AnimeShop\wp-includes\functions.php on line 7374
[13-May-2026 08:28:30 UTC] PHP Deprecated:  str_replace(): Passing null to parameter #3 ($subject) of type array|string is deprecated in C:\xampp\htdocs\AnimeShop\wp-includes\functions.php on line 2196
[13-May-2026 08:28:30 UTC] PHP Deprecated:  strpos(): Passing null to parameter #1 ($haystack) of type string is deprecated in C:\xampp\htdocs\AnimeShop\wp-includes\functions.php on line 7374
[13-May-2026 08:28:30 UTC] PHP Deprecated:  str_replace(): Passing null to parameter #3 ($subject) of type array|string is deprecated in C:\xampp\htdocs\AnimeShop\wp-includes\functions.php on line 2196
[13-May-2026 10:02:43 UTC] PHP Deprecated:  strpos(): Passing null to parameter #1 ($haystack) of type string is deprecated in C:\xampp\htdocs\AnimeShop\wp-includes\functions.php on line 7374
[13-May-2026 10:02:43 UTC] PHP Deprecated:  str_replace(): Passing null to parameter #3 ($subject) of type array|string is deprecated in C:\xampp\htdocs\AnimeShop\wp-includes\functions.php on line 2196
[13-May-2026 10:11:06 UTC] PHP Deprecated:  strpos(): Passing null to parameter #1 ($haystack) of type string is deprecated in C:\xampp\htdocs\AnimeShop\wp-includes\functions.php on line 7374
[13-May-2026 10:11:06 UTC] PHP Deprecated:  str_replace(): Passing null to parameter #3 ($subject) of type array|string is deprecated in C:\xampp\htdocs\AnimeShop\wp-includes\functions.php on line 2196
[13-May-2026 10:11:07 UTC] PHP Deprecated:  strpos(): Passing null to parameter #1 ($haystack) of type string is deprecated in C:\xampp\htdocs\AnimeShop\wp-includes\functions.php on line 7374
[13-May-2026 10:11:07 UTC] PHP Deprecated:  str_replace(): Passing null to parameter #3 ($subject) of type array|string is deprecated in C:\xampp\htdocs\AnimeShop\wp-includes\functions.php on line 2196
[13-May-2026 10:11:08 UTC] PHP Deprecated:  strpos(): Passing null to parameter #1 ($haystack) of type string is deprecated in C:\xampp\htdocs\AnimeShop\wp-includes\functions.php on line 7374
[13-May-2026 10:11:08 UTC] PHP Deprecated:  str_replace(): Passing null to parameter #3 ($subject) of type array|string is deprecated in C:\xampp\htdocs\AnimeShop\wp-includes\functions.php on line 2196
[13-May-2026 10:11:10 UTC] PHP Deprecated:  strpos(): Passing null to parameter #1 ($haystack) of type string is deprecated in C:\xampp\htdocs\AnimeShop\wp-includes\functions.php on line 7374
[13-May-2026 10:11:10 UTC] PHP Deprecated:  str_replace(): Passing null to parameter #3 ($subject) of type array|string is deprecated in C:\xampp\htdocs\AnimeShop\wp-includes\functions.php on line 2196
[13-May-2026 10:11:16 UTC] PHP Deprecated:  strpos(): Passing null to parameter #1 ($haystack) of type string is deprecated in C:\xampp\htdocs\AnimeShop\wp-includes\functions.php on line 7374
[13-May-2026 10:11:16 UTC] PHP Deprecated:  str_replace(): Passing null to parameter #3 ($subject) of type array|string is deprecated in C:\xampp\htdocs\AnimeShop\wp-includes\functions.php on line 2196
[13-May-2026 10:11:18 UTC] PHP Deprecated:  strpos(): Passing null to parameter #1 ($haystack) of type string is deprecated in C:\xampp\htdocs\AnimeShop\wp-includes\functions.php on line 7374
[13-May-2026 10:11:18 UTC] PHP Deprecated:  str_replace(): Passing null to parameter #3 ($subject) of type array|string is deprecated in C:\xampp\htdocs\AnimeShop\wp-includes\functions.php on line 2196
[13-May-2026 10:11:20 UTC] PHP Deprecated:  strpos(): Passing null to parameter #1 ($haystack) of type string is deprecated in C:\xampp\htdocs\AnimeShop\wp-includes\functions.php on line 7374
[13-May-2026 10:11:20 UTC] PHP Deprecated:  str_replace(): Passing null to parameter #3 ($subject) of type array|string is deprecated in C:\xampp\htdocs\AnimeShop\wp-includes\functions.php on line 2196
[13-May-2026 10:11:22 UTC] PHP Deprecated:  strpos(): Passing null to parameter #1 ($haystack) of type string is deprecated in C:\xampp\htdocs\AnimeShop\wp-includes\functions.php on line 7374
[13-May-2026 10:11:22 UTC] PHP Deprecated:  str_replace(): Passing null to parameter #3 ($subject) of type array|string is deprecated in C:\xampp\htdocs\AnimeShop\wp-includes\functions.php on line 2196
[13-May-2026 10:11:25 UTC] PHP Deprecated:  strpos(): Passing null to parameter #1 ($haystack) of type string is deprecated in C:\xampp\htdocs\AnimeShop\wp-includes\functions.php on line 7374
[13-May-2026 10:11:25 UTC] PHP Deprecated:  str_replace(): Passing null to parameter #3 ($subject) of type array|string is deprecated in C:\xampp\htdocs\AnimeShop\wp-includes\functions.php on line 2196
[13-May-2026 10:11:26 UTC] PHP Deprecated:  strpos(): Passing null to parameter #1 ($haystack) of type string is deprecated in C:\xampp\htdocs\AnimeShop\wp-includes\functions.php on line 7374
[13-May-2026 10:11:26 UTC] PHP Deprecated:  str_replace(): Passing null to parameter #3 ($subject) of type array|string is deprecated in C:\xampp\htdocs\AnimeShop\wp-includes\functions.php on line 2196
[13-May-2026 10:11:28 UTC] PHP Deprecated:  strpos(): Passing null to parameter #1 ($haystack) of type string is deprecated in C:\xampp\htdocs\AnimeShop\wp-includes\functions.php on line 7374
[13-May-2026 10:11:28 UTC] PHP Deprecated:  str_replace(): Passing null to parameter #3 ($subject) of type array|string is deprecated in C:\xampp\htdocs\AnimeShop\wp-includes\functions.php on line 2196
[13-May-2026 10:11:33 UTC] PHP Deprecated:  strpos(): Passing null to parameter #1 ($haystack) of type string is deprecated in C:\xampp\htdocs\AnimeShop\wp-includes\functions.php on line 7374
[13-May-2026 10:11:33 UTC] PHP Deprecated:  str_replace(): Passing null to parameter #3 ($subject) of type array|string is deprecated in C:\xampp\htdocs\AnimeShop\wp-includes\functions.php on line 2196
[13-May-2026 10:11:34 UTC] PHP Deprecated:  strpos(): Passing null to parameter #1 ($haystack) of type string is deprecated in C:\xampp\htdocs\AnimeShop\wp-includes\functions.php on line 7374
[13-May-2026 10:11:34 UTC] PHP Deprecated:  str_replace(): Passing null to parameter #3 ($subject) of type array|string is deprecated in C:\xampp\htdocs\AnimeShop\wp-includes\functions.php on line 2196
[13-May-2026 10:11:35 UTC] PHP Deprecated:  strpos(): Passing null to parameter #1 ($haystack) of type string is deprecated in C:\xampp\htdocs\AnimeShop\wp-includes\functions.php on line 7374
[13-May-2026 10:11:35 UTC] PHP Deprecated:  str_replace(): Passing null to parameter #3 ($subject) of type array|string is deprecated in C:\xampp\htdocs\AnimeShop\wp-includes\functions.php on line 2196
[13-May-2026 10:11:36 UTC] PHP Deprecated:  strpos(): Passing null to parameter #1 ($haystack) of type string is deprecated in C:\xampp\htdocs\AnimeShop\wp-includes\functions.php on line 7374
[13-May-2026 10:11:36 UTC] PHP Deprecated:  str_replace(): Passing null to parameter #3 ($subject) of type array|string is deprecated in C:\xampp\htdocs\AnimeShop\wp-includes\functions.php on line 2196
[13-May-2026 10:11:37 UTC] PHP Deprecated:  strpos(): Passing null to parameter #1 ($haystack) of type string is deprecated in C:\xampp\htdocs\AnimeShop\wp-includes\functions.php on line 7374
[13-May-2026 10:11:37 UTC] PHP Deprecated:  str_replace(): Passing null to parameter #3 ($subject) of type array|string is deprecated in C:\xampp\htdocs\AnimeShop\wp-includes\functions.php on line 2196
[13-May-2026 10:11:38 UTC] PHP Deprecated:  strpos(): Passing null to parameter #1 ($haystack) of type string is deprecated in C:\xampp\htdocs\AnimeShop\wp-includes\functions.php on line 7374
[13-May-2026 10:11:38 UTC] PHP Deprecated:  str_replace(): Passing null to parameter #3 ($subject) of type array|string is deprecated in C:\xampp\htdocs\AnimeShop\wp-includes\functions.php on line 2196
[13-May-2026 10:11:48 UTC] PHP Deprecated:  strpos(): Passing null to parameter #1 ($haystack) of type string is deprecated in C:\xampp\htdocs\AnimeShop\wp-includes\functions.php on line 7374
[13-May-2026 10:11:48 UTC] PHP Deprecated:  str_replace(): Passing null to parameter #3 ($subject) of type array|string is deprecated in C:\xampp\htdocs\AnimeShop\wp-includes\functions.php on line 2196
[13-May-2026 10:11:56 UTC] PHP Deprecated:  strpos(): Passing null to parameter #1 ($haystack) of type string is deprecated in C:\xampp\htdocs\AnimeShop\wp-includes\functions.php on line 7374
[13-May-2026 10:11:56 UTC] PHP Deprecated:  str_replace(): Passing null to parameter #3 ($subject) of type array|string is deprecated in C:\xampp\htdocs\AnimeShop\wp-includes\functions.php on line 2196
[13-May-2026 10:12:01 UTC] PHP Deprecated:  strpos(): Passing null to parameter #1 ($haystack) of type string is deprecated in C:\xampp\htdocs\AnimeShop\wp-includes\functions.php on line 7374
[13-May-2026 10:12:01 UTC] PHP Deprecated:  str_replace(): Passing null to parameter #3 ($subject) of type array|string is deprecated in C:\xampp\htdocs\AnimeShop\wp-includes\functions.php on line 2196
[13-May-2026 10:12:02 UTC] PHP Deprecated:  strpos(): Passing null to parameter #1 ($haystack) of type string is deprecated in C:\xampp\htdocs\AnimeShop\wp-includes\functions.php on line 7374
[13-May-2026 10:12:02 UTC] PHP Deprecated:  str_replace(): Passing null to parameter #3 ($subject) of type array|string is deprecated in C:\xampp\htdocs\AnimeShop\wp-includes\functions.php on line 2196
[13-May-2026 10:14:16 UTC] PHP Deprecated:  strpos(): Passing null to parameter #1 ($haystack) of type string is deprecated in C:\xampp\htdocs\AnimeShop\wp-includes\functions.php on line 7374
[13-May-2026 10:14:16 UTC] PHP Deprecated:  str_replace(): Passing null to parameter #3 ($subject) of type array|string is deprecated in C:\xampp\htdocs\AnimeShop\wp-includes\functions.php on line 2196
[13-May-2026 10:14:17 UTC] PHP Deprecated:  strpos(): Passing null to parameter #1 ($haystack) of type string is deprecated in C:\xampp\htdocs\AnimeShop\wp-includes\functions.php on line 7374
[13-May-2026 10:14:17 UTC] PHP Deprecated:  str_replace(): Passing null to parameter #3 ($subject) of type array|string is deprecated in C:\xampp\htdocs\AnimeShop\wp-includes\functions.php on line 2196
[13-May-2026 10:14:22 UTC] PHP Deprecated:  strpos(): Passing null to parameter #1 ($haystack) of type string is deprecated in C:\xampp\htdocs\AnimeShop\wp-includes\functions.php on line 7374
[13-May-2026 10:14:22 UTC] PHP Deprecated:  str_replace(): Passing null to parameter #3 ($subject) of type array|string is deprecated in C:\xampp\htdocs\AnimeShop\wp-includes\functions.php on line 2196
[13-May-2026 10:14:23 UTC] PHP Deprecated:  strpos(): Passing null to parameter #1 ($haystack) of type string is deprecated in C:\xampp\htdocs\AnimeShop\wp-includes\functions.php on line 7374
[13-May-2026 10:14:23 UTC] PHP Deprecated:  str_replace(): Passing null to parameter #3 ($subject) of type array|string is deprecated in C:\xampp\htdocs\AnimeShop\wp-includes\functions.php on line 2196
[13-May-2026 10:14:24 UTC] PHP Deprecated:  strpos(): Passing null to parameter #1 ($haystack) of type string is deprecated in C:\xampp\htdocs\AnimeShop\wp-includes\functions.php on line 7374
[13-May-2026 10:14:24 UTC] PHP Deprecated:  str_replace(): Passing null to parameter #3 ($subject) of type array|string is deprecated in C:\xampp\htdocs\AnimeShop\wp-includes\functions.php on line 2196
[13-May-2026 10:14:24 UTC] PHP Deprecated:  strpos(): Passing null to parameter #1 ($haystack) of type string is deprecated in C:\xampp\htdocs\AnimeShop\wp-includes\functions.php on line 7374
[13-May-2026 10:14:24 UTC] PHP Deprecated:  str_replace(): Passing null to parameter #3 ($subject) of type array|string is deprecated in C:\xampp\htdocs\AnimeShop\wp-includes\functions.php on line 2196
[13-May-2026 10:15:21 UTC] PHP Warning:  Cannot modify header information - headers already sent by (output started at C:\xampp\htdocs\AnimeShop\wp-includes\class-wp-styles.php:208) in C:\xampp\htdocs\AnimeShop\wp-content\plugins\anime-shop\anime-shop.php on line 392
[13-May-2026 10:15:30 UTC] PHP Warning:  Cannot modify header information - headers already sent by (output started at C:\xampp\htdocs\AnimeShop\wp-includes\class-wp-styles.php:208) in C:\xampp\htdocs\AnimeShop\wp-content\plugins\anime-shop\anime-shop.php on line 392
[13-May-2026 10:16:52 UTC] PHP Deprecated:  strpos(): Passing null to parameter #1 ($haystack) of type string is deprecated in C:\xampp\htdocs\AnimeShop\wp-includes\functions.php on line 7374
[13-May-2026 10:16:52 UTC] PHP Deprecated:  str_replace(): Passing null to parameter #3 ($subject) of type array|string is deprecated in C:\xampp\htdocs\AnimeShop\wp-includes\functions.php on line 2196
[13-May-2026 10:17:02 UTC] PHP Deprecated:  strpos(): Passing null to parameter #1 ($haystack) of type string is deprecated in C:\xampp\htdocs\AnimeShop\wp-includes\functions.php on line 7374
[13-May-2026 10:17:02 UTC] PHP Deprecated:  str_replace(): Passing null to parameter #3 ($subject) of type array|string is deprecated in C:\xampp\htdocs\AnimeShop\wp-includes\functions.php on line 2196
[13-May-2026 10:17:15 UTC] PHP Deprecated:  strpos(): Passing null to parameter #1 ($haystack) of type string is deprecated in C:\xampp\htdocs\AnimeShop\wp-includes\functions.php on line 7374
[13-May-2026 10:17:15 UTC] PHP Deprecated:  str_replace(): Passing null to parameter #3 ($subject) of type array|string is deprecated in C:\xampp\htdocs\AnimeShop\wp-includes\functions.php on line 2196
[13-May-2026 10:17:20 UTC] PHP Deprecated:  strpos(): Passing null to parameter #1 ($haystack) of type string is deprecated in C:\xampp\htdocs\AnimeShop\wp-includes\functions.php on line 7374
[13-May-2026 10:17:20 UTC] PHP Deprecated:  str_replace(): Passing null to parameter #3 ($subject) of type array|string is deprecated in C:\xampp\htdocs\AnimeShop\wp-includes\functions.php on line 2196
[13-May-2026 10:17:56 UTC] PHP Deprecated:  strpos(): Passing null to parameter #1 ($haystack) of type string is deprecated in C:\xampp\htdocs\AnimeShop\wp-includes\functions.php on line 7374
[13-May-2026 10:17:56 UTC] PHP Deprecated:  str_replace(): Passing null to parameter #3 ($subject) of type array|string is deprecated in C:\xampp\htdocs\AnimeShop\wp-includes\functions.php on line 2196
[13-May-2026 10:18:54 UTC] PHP Deprecated:  strpos(): Passing null to parameter #1 ($haystack) of type string is deprecated in C:\xampp\htdocs\AnimeShop\wp-includes\functions.php on line 7374
[13-May-2026 10:18:54 UTC] PHP Deprecated:  str_replace(): Passing null to parameter #3 ($subject) of type array|string is deprecated in C:\xampp\htdocs\AnimeShop\wp-includes\functions.php on line 2196
[13-May-2026 10:19:08 UTC] PHP Deprecated:  strpos(): Passing null to parameter #1 ($haystack) of type string is deprecated in C:\xampp\htdocs\AnimeShop\wp-includes\functions.php on line 7374
[13-May-2026 10:19:08 UTC] PHP Deprecated:  str_replace(): Passing null to parameter #3 ($subject) of type array|string is deprecated in C:\xampp\htdocs\AnimeShop\wp-includes\functions.php on line 2196
[13-May-2026 10:19:21 UTC] PHP Deprecated:  strpos(): Passing null to parameter #1 ($haystack) of type string is deprecated in C:\xampp\htdocs\AnimeShop\wp-includes\functions.php on line 7374
[13-May-2026 10:19:21 UTC] PHP Deprecated:  str_replace(): Passing null to parameter #3 ($subject) of type array|string is deprecated in C:\xampp\htdocs\AnimeShop\wp-includes\functions.php on line 2196
[13-May-2026 10:21:11 UTC] PHP Warning:  Cannot modify header information - headers already sent by (output started at C:\xampp\htdocs\AnimeShop\wp-includes\class-wp-styles.php:208) in C:\xampp\htdocs\AnimeShop\wp-content\plugins\anime-shop\anime-shop.php on line 392
[13-May-2026 10:21:15 UTC] PHP Warning:  Cannot modify header information - headers already sent by (output started at C:\xampp\htdocs\AnimeShop\wp-includes\class-wp-styles.php:208) in C:\xampp\htdocs\AnimeShop\wp-content\plugins\anime-shop\anime-shop.php on line 392
[13-May-2026 10:21:20 UTC] PHP Warning:  Cannot modify header information - headers already sent by (output started at C:\xampp\htdocs\AnimeShop\wp-includes\class-wp-styles.php:208) in C:\xampp\htdocs\AnimeShop\wp-content\plugins\anime-shop\anime-shop.php on line 392
[13-May-2026 10:21:20 UTC] PHP Warning:  Cannot modify header information - headers already sent by (output started at C:\xampp\htdocs\AnimeShop\wp-includes\class-wp-styles.php:208) in C:\xampp\htdocs\AnimeShop\wp-content\plugins\anime-shop\anime-shop.php on line 392
[13-May-2026 10:21:21 UTC] PHP Warning:  Cannot modify header information - headers already sent by (output started at C:\xampp\htdocs\AnimeShop\wp-includes\class-wp-styles.php:208) in C:\xampp\htdocs\AnimeShop\wp-content\plugins\anime-shop\anime-shop.php on line 392
[13-May-2026 10:21:31 UTC] PHP Warning:  Cannot modify header information - headers already sent by (output started at C:\xampp\htdocs\AnimeShop\wp-includes\class-wp-styles.php:208) in C:\xampp\htdocs\AnimeShop\wp-content\plugins\anime-shop\anime-shop.php on line 392
[13-May-2026 10:21:39 UTC] PHP Warning:  Cannot modify header information - headers already sent by (output started at C:\xampp\htdocs\AnimeShop\wp-includes\class-wp-styles.php:208) in C:\xampp\htdocs\AnimeShop\wp-content\plugins\anime-shop\anime-shop.php on line 392
[13-May-2026 10:21:41 UTC] PHP Warning:  Cannot modify header information - headers already sent by (output started at C:\xampp\htdocs\AnimeShop\wp-includes\class-wp-styles.php:208) in C:\xampp\htdocs\AnimeShop\wp-content\plugins\anime-shop\anime-shop.php on line 392
[13-May-2026 10:21:45 UTC] PHP Warning:  Cannot modify header information - headers already sent by (output started at C:\xampp\htdocs\AnimeShop\wp-includes\class-wp-styles.php:208) in C:\xampp\htdocs\AnimeShop\wp-content\plugins\anime-shop\anime-shop.php on line 392
[13-May-2026 10:21:45 UTC] PHP Warning:  Cannot modify header information - headers already sent by (output started at C:\xampp\htdocs\AnimeShop\wp-includes\class-wp-styles.php:208) in C:\xampp\htdocs\AnimeShop\wp-content\plugins\anime-shop\anime-shop.php on line 392
[13-May-2026 10:21:50 UTC] PHP Warning:  Cannot modify header information - headers already sent by (output started at C:\xampp\htdocs\AnimeShop\wp-includes\class-wp-styles.php:208) in C:\xampp\htdocs\AnimeShop\wp-content\plugins\anime-shop\anime-shop.php on line 392
[13-May-2026 10:21:52 UTC] PHP Warning:  Cannot modify header information - headers already sent by (output started at C:\xampp\htdocs\AnimeShop\wp-includes\class-wp-styles.php:208) in C:\xampp\htdocs\AnimeShop\wp-content\plugins\anime-shop\anime-shop.php on line 392
[13-May-2026 10:23:55 UTC] PHP Deprecated:  strpos(): Passing null to parameter #1 ($haystack) of type string is deprecated in C:\xampp\htdocs\AnimeShop\wp-includes\functions.php on line 7374
[13-May-2026 10:23:55 UTC] PHP Deprecated:  str_replace(): Passing null to parameter #3 ($subject) of type array|string is deprecated in C:\xampp\htdocs\AnimeShop\wp-includes\functions.php on line 2196
[13-May-2026 10:24:05 UTC] PHP Deprecated:  strpos(): Passing null to parameter #1 ($haystack) of type string is deprecated in C:\xampp\htdocs\AnimeShop\wp-includes\functions.php on line 7374
[13-May-2026 10:24:05 UTC] PHP Deprecated:  str_replace(): Passing null to parameter #3 ($subject) of type array|string is deprecated in C:\xampp\htdocs\AnimeShop\wp-includes\functions.php on line 2196
[13-May-2026 10:24:44 UTC] PHP Deprecated:  strpos(): Passing null to parameter #1 ($haystack) of type string is deprecated in C:\xampp\htdocs\AnimeShop\wp-includes\functions.php on line 7374
[13-May-2026 10:24:44 UTC] PHP Deprecated:  str_replace(): Passing null to parameter #3 ($subject) of type array|string is deprecated in C:\xampp\htdocs\AnimeShop\wp-includes\functions.php on line 2196
[13-May-2026 10:25:08 UTC] PHP Deprecated:  strpos(): Passing null to parameter #1 ($haystack) of type string is deprecated in C:\xampp\htdocs\AnimeShop\wp-includes\functions.php on line 7374
[13-May-2026 10:25:08 UTC] PHP Deprecated:  str_replace(): Passing null to parameter #3 ($subject) of type array|string is deprecated in C:\xampp\htdocs\AnimeShop\wp-includes\functions.php on line 2196
[13-May-2026 10:25:13 UTC] PHP Deprecated:  strpos(): Passing null to parameter #1 ($haystack) of type string is deprecated in C:\xampp\htdocs\AnimeShop\wp-includes\functions.php on line 7374
[13-May-2026 10:25:13 UTC] PHP Deprecated:  str_replace(): Passing null to parameter #3 ($subject) of type array|string is deprecated in C:\xampp\htdocs\AnimeShop\wp-includes\functions.php on line 2196
[13-May-2026 10:27:42 UTC] PHP Deprecated:  strpos(): Passing null to parameter #1 ($haystack) of type string is deprecated in C:\xampp\htdocs\AnimeShop\wp-includes\functions.php on line 7374
[13-May-2026 10:27:42 UTC] PHP Deprecated:  str_replace(): Passing null to parameter #3 ($subject) of type array|string is deprecated in C:\xampp\htdocs\AnimeShop\wp-includes\functions.php on line 2196
[13-May-2026 10:27:47 UTC] PHP Deprecated:  strpos(): Passing null to parameter #1 ($haystack) of type string is deprecated in C:\xampp\htdocs\AnimeShop\wp-includes\functions.php on line 7374
[13-May-2026 10:27:47 UTC] PHP Deprecated:  str_replace(): Passing null to parameter #3 ($subject) of type array|string is deprecated in C:\xampp\htdocs\AnimeShop\wp-includes\functions.php on line 2196
[13-May-2026 10:28:31 UTC] PHP Deprecated:  strpos(): Passing null to parameter #1 ($haystack) of type string is deprecated in C:\xampp\htdocs\AnimeShop\wp-includes\functions.php on line 7374
[13-May-2026 10:28:31 UTC] PHP Deprecated:  str_replace(): Passing null to parameter #3 ($subject) of type array|string is deprecated in C:\xampp\htdocs\AnimeShop\wp-includes\functions.php on line 2196
[13-May-2026 10:28:32 UTC] PHP Deprecated:  strpos(): Passing null to parameter #1 ($haystack) of type string is deprecated in C:\xampp\htdocs\AnimeShop\wp-includes\functions.php on line 7374
[13-May-2026 10:28:32 UTC] PHP Deprecated:  str_replace(): Passing null to parameter #3 ($subject) of type array|string is deprecated in C:\xampp\htdocs\AnimeShop\wp-includes\functions.php on line 2196
[13-May-2026 10:28:33 UTC] PHP Deprecated:  strpos(): Passing null to parameter #1 ($haystack) of type string is deprecated in C:\xampp\htdocs\AnimeShop\wp-includes\functions.php on line 7374
[13-May-2026 10:28:33 UTC] PHP Deprecated:  str_replace(): Passing null to parameter #3 ($subject) of type array|string is deprecated in C:\xampp\htdocs\AnimeShop\wp-includes\functions.php on line 2196
[13-May-2026 10:28:34 UTC] PHP Deprecated:  strpos(): Passing null to parameter #1 ($haystack) of type string is deprecated in C:\xampp\htdocs\AnimeShop\wp-includes\functions.php on line 7374
[13-May-2026 10:28:34 UTC] PHP Deprecated:  str_replace(): Passing null to parameter #3 ($subject) of type array|string is deprecated in C:\xampp\htdocs\AnimeShop\wp-includes\functions.php on line 2196
[13-May-2026 10:28:35 UTC] PHP Deprecated:  strpos(): Passing null to parameter #1 ($haystack) of type string is deprecated in C:\xampp\htdocs\AnimeShop\wp-includes\functions.php on line 7374
[13-May-2026 10:28:35 UTC] PHP Deprecated:  str_replace(): Passing null to parameter #3 ($subject) of type array|string is deprecated in C:\xampp\htdocs\AnimeShop\wp-includes\functions.php on line 2196
[13-May-2026 10:29:23 UTC] PHP Deprecated:  strpos(): Passing null to parameter #1 ($haystack) of type string is deprecated in C:\xampp\htdocs\AnimeShop\wp-includes\functions.php on line 7374
[13-May-2026 10:29:23 UTC] PHP Deprecated:  str_replace(): Passing null to parameter #3 ($subject) of type array|string is deprecated in C:\xampp\htdocs\AnimeShop\wp-includes\functions.php on line 2196
[13-May-2026 10:29:24 UTC] PHP Deprecated:  strpos(): Passing null to parameter #1 ($haystack) of type string is deprecated in C:\xampp\htdocs\AnimeShop\wp-includes\functions.php on line 7374
[13-May-2026 10:29:24 UTC] PHP Deprecated:  str_replace(): Passing null to parameter #3 ($subject) of type array|string is deprecated in C:\xampp\htdocs\AnimeShop\wp-includes\functions.php on line 2196
[13-May-2026 10:29:30 UTC] PHP Deprecated:  strpos(): Passing null to parameter #1 ($haystack) of type string is deprecated in C:\xampp\htdocs\AnimeShop\wp-includes\functions.php on line 7374
[13-May-2026 10:29:30 UTC] PHP Deprecated:  str_replace(): Passing null to parameter #3 ($subject) of type array|string is deprecated in C:\xampp\htdocs\AnimeShop\wp-includes\functions.php on line 2196
[13-May-2026 10:29:32 UTC] PHP Deprecated:  strpos(): Passing null to parameter #1 ($haystack) of type string is deprecated in C:\xampp\htdocs\AnimeShop\wp-includes\functions.php on line 7374
[13-May-2026 10:29:32 UTC] PHP Deprecated:  str_replace(): Passing null to parameter #3 ($subject) of type array|string is deprecated in C:\xampp\htdocs\AnimeShop\wp-includes\functions.php on line 2196
[13-May-2026 10:29:43 UTC] PHP Deprecated:  strpos(): Passing null to parameter #1 ($haystack) of type string is deprecated in C:\xampp\htdocs\AnimeShop\wp-includes\functions.php on line 7374
[13-May-2026 10:29:43 UTC] PHP Deprecated:  str_replace(): Passing null to parameter #3 ($subject) of type array|string is deprecated in C:\xampp\htdocs\AnimeShop\wp-includes\functions.php on line 2196
[13-May-2026 10:30:22 UTC] PHP Deprecated:  strpos(): Passing null to parameter #1 ($haystack) of type string is deprecated in C:\xampp\htdocs\AnimeShop\wp-includes\functions.php on line 7374
[13-May-2026 10:30:22 UTC] PHP Deprecated:  str_replace(): Passing null to parameter #3 ($subject) of type array|string is deprecated in C:\xampp\htdocs\AnimeShop\wp-includes\functions.php on line 2196
[13-May-2026 10:30:28 UTC] PHP Deprecated:  strpos(): Passing null to parameter #1 ($haystack) of type string is deprecated in C:\xampp\htdocs\AnimeShop\wp-includes\functions.php on line 7374
[13-May-2026 10:30:28 UTC] PHP Deprecated:  str_replace(): Passing null to parameter #3 ($subject) of type array|string is deprecated in C:\xampp\htdocs\AnimeShop\wp-includes\functions.php on line 2196
[13-May-2026 10:32:12 UTC] PHP Deprecated:  strpos(): Passing null to parameter #1 ($haystack) of type string is deprecated in C:\xampp\htdocs\AnimeShop\wp-includes\functions.php on line 7374
[13-May-2026 10:32:12 UTC] PHP Deprecated:  str_replace(): Passing null to parameter #3 ($subject) of type array|string is deprecated in C:\xampp\htdocs\AnimeShop\wp-includes\functions.php on line 2196
[13-May-2026 10:47:34 UTC] PHP Deprecated:  strpos(): Passing null to parameter #1 ($haystack) of type string is deprecated in C:\xampp\htdocs\AnimeShop\wp-includes\functions.php on line 7374
[13-May-2026 10:47:34 UTC] PHP Deprecated:  str_replace(): Passing null to parameter #3 ($subject) of type array|string is deprecated in C:\xampp\htdocs\AnimeShop\wp-includes\functions.php on line 2196
[13-May-2026 10:51:56 UTC] PHP Deprecated:  strpos(): Passing null to parameter #1 ($haystack) of type string is deprecated in C:\xampp\htdocs\AnimeShop\wp-includes\functions.php on line 7374
[13-May-2026 10:51:56 UTC] PHP Deprecated:  str_replace(): Passing null to parameter #3 ($subject) of type array|string is deprecated in C:\xampp\htdocs\AnimeShop\wp-includes\functions.php on line 2196
[13-May-2026 10:53:46 UTC] PHP Deprecated:  strpos(): Passing null to parameter #1 ($haystack) of type string is deprecated in C:\xampp\htdocs\AnimeShop\wp-includes\functions.php on line 7374
[13-May-2026 10:53:46 UTC] PHP Deprecated:  str_replace(): Passing null to parameter #3 ($subject) of type array|string is deprecated in C:\xampp\htdocs\AnimeShop\wp-includes\functions.php on line 2196
[13-May-2026 10:53:54 UTC] PHP Deprecated:  strpos(): Passing null to parameter #1 ($haystack) of type string is deprecated in C:\xampp\htdocs\AnimeShop\wp-includes\functions.php on line 7374
[13-May-2026 10:53:54 UTC] PHP Deprecated:  str_replace(): Passing null to parameter #3 ($subject) of type array|string is deprecated in C:\xampp\htdocs\AnimeShop\wp-includes\functions.php on line 2196
[13-May-2026 10:53:57 UTC] PHP Deprecated:  strpos(): Passing null to parameter #1 ($haystack) of type string is deprecated in C:\xampp\htdocs\AnimeShop\wp-includes\functions.php on line 7374
[13-May-2026 10:53:57 UTC] PHP Deprecated:  str_replace(): Passing null to parameter #3 ($subject) of type array|string is deprecated in C:\xampp\htdocs\AnimeShop\wp-includes\functions.php on line 2196
[13-May-2026 10:54:02 UTC] PHP Deprecated:  strpos(): Passing null to parameter #1 ($haystack) of type string is deprecated in C:\xampp\htdocs\AnimeShop\wp-includes\functions.php on line 7374
[13-May-2026 10:54:02 UTC] PHP Deprecated:  str_replace(): Passing null to parameter #3 ($subject) of type array|string is deprecated in C:\xampp\htdocs\AnimeShop\wp-includes\functions.php on line 2196
[13-May-2026 10:54:04 UTC] PHP Deprecated:  strpos(): Passing null to parameter #1 ($haystack) of type string is deprecated in C:\xampp\htdocs\AnimeShop\wp-includes\functions.php on line 7374
[13-May-2026 10:54:04 UTC] PHP Deprecated:  str_replace(): Passing null to parameter #3 ($subject) of type array|string is deprecated in C:\xampp\htdocs\AnimeShop\wp-includes\functions.php on line 2196
[13-May-2026 11:00:37 UTC] Automatic updates starting...
[13-May-2026 11:00:41 UTC] Automatic updates complete.
[13-May-2026 11:00:55 UTC] PHP Deprecated:  strpos(): Passing null to parameter #1 ($haystack) of type string is deprecated in C:\xampp\htdocs\AnimeShop\wp-includes\functions.php on line 7374
[13-May-2026 11:00:55 UTC] PHP Deprecated:  str_replace(): Passing null to parameter #3 ($subject) of type array|string is deprecated in C:\xampp\htdocs\AnimeShop\wp-includes\functions.php on line 2196
[13-May-2026 11:01:17 UTC] PHP Deprecated:  strpos(): Passing null to parameter #1 ($haystack) of type string is deprecated in C:\xampp\htdocs\AnimeShop\wp-includes\functions.php on line 7374
[13-May-2026 11:01:17 UTC] PHP Deprecated:  str_replace(): Passing null to parameter #3 ($subject) of type array|string is deprecated in C:\xampp\htdocs\AnimeShop\wp-includes\functions.php on line 2196
[13-May-2026 11:01:18 UTC] PHP Deprecated:  strpos(): Passing null to parameter #1 ($haystack) of type string is deprecated in C:\xampp\htdocs\AnimeShop\wp-includes\functions.php on line 7374
[13-May-2026 11:01:18 UTC] PHP Deprecated:  str_replace(): Passing null to parameter #3 ($subject) of type array|string is deprecated in C:\xampp\htdocs\AnimeShop\wp-includes\functions.php on line 2196
[13-May-2026 11:01:19 UTC] PHP Deprecated:  strpos(): Passing null to parameter #1 ($haystack) of type string is deprecated in C:\xampp\htdocs\AnimeShop\wp-includes\functions.php on line 7374
[13-May-2026 11:01:19 UTC] PHP Deprecated:  str_replace(): Passing null to parameter #3 ($subject) of type array|string is deprecated in C:\xampp\htdocs\AnimeShop\wp-includes\functions.php on line 2196
[13-May-2026 11:01:21 UTC] PHP Deprecated:  strpos(): Passing null to parameter #1 ($haystack) of type string is deprecated in C:\xampp\htdocs\AnimeShop\wp-includes\functions.php on line 7374
[13-May-2026 11:01:21 UTC] PHP Deprecated:  str_replace(): Passing null to parameter #3 ($subject) of type array|string is deprecated in C:\xampp\htdocs\AnimeShop\wp-includes\functions.php on line 2196
[13-May-2026 11:02:15 UTC] PHP Deprecated:  strpos(): Passing null to parameter #1 ($haystack) of type string is deprecated in C:\xampp\htdocs\AnimeShop\wp-includes\functions.php on line 7374
[13-May-2026 11:02:15 UTC] PHP Deprecated:  str_replace(): Passing null to parameter #3 ($subject) of type array|string is deprecated in C:\xampp\htdocs\AnimeShop\wp-includes\functions.php on line 2196
[13-May-2026 11:02:16 UTC] PHP Deprecated:  strpos(): Passing null to parameter #1 ($haystack) of type string is deprecated in C:\xampp\htdocs\AnimeShop\wp-includes\functions.php on line 7374
[13-May-2026 11:02:16 UTC] PHP Deprecated:  str_replace(): Passing null to parameter #3 ($subject) of type array|string is deprecated in C:\xampp\htdocs\AnimeShop\wp-includes\functions.php on line 2196
[13-May-2026 11:02:20 UTC] PHP Deprecated:  strpos(): Passing null to parameter #1 ($haystack) of type string is deprecated in C:\xampp\htdocs\AnimeShop\wp-includes\functions.php on line 7374
[13-May-2026 11:02:20 UTC] PHP Deprecated:  str_replace(): Passing null to parameter #3 ($subject) of type array|string is deprecated in C:\xampp\htdocs\AnimeShop\wp-includes\functions.php on line 2196
[13-May-2026 11:22:10 UTC] PHP Deprecated:  strpos(): Passing null to parameter #1 ($haystack) of type string is deprecated in C:\xampp\htdocs\AnimeShop\wp-includes\functions.php on line 7374
[13-May-2026 11:22:10 UTC] PHP Deprecated:  str_replace(): Passing null to parameter #3 ($subject) of type array|string is deprecated in C:\xampp\htdocs\AnimeShop\wp-includes\functions.php on line 2196
[13-May-2026 11:22:46 UTC] PHP Deprecated:  strpos(): Passing null to parameter #1 ($haystack) of type string is deprecated in C:\xampp\htdocs\AnimeShop\wp-includes\functions.php on line 7374
[13-May-2026 11:22:46 UTC] PHP Deprecated:  str_replace(): Passing null to parameter #3 ($subject) of type array|string is deprecated in C:\xampp\htdocs\AnimeShop\wp-includes\functions.php on line 2196
[13-May-2026 11:22:47 UTC] PHP Deprecated:  strpos(): Passing null to parameter #1 ($haystack) of type string is deprecated in C:\xampp\htdocs\AnimeShop\wp-includes\functions.php on line 7374
[13-May-2026 11:22:47 UTC] PHP Deprecated:  str_replace(): Passing null to parameter #3 ($subject) of type array|string is deprecated in C:\xampp\htdocs\AnimeShop\wp-includes\functions.php on line 2196
[13-May-2026 11:22:48 UTC] PHP Deprecated:  strpos(): Passing null to parameter #1 ($haystack) of type string is deprecated in C:\xampp\htdocs\AnimeShop\wp-includes\functions.php on line 7374
[13-May-2026 11:22:48 UTC] PHP Deprecated:  str_replace(): Passing null to parameter #3 ($subject) of type array|string is deprecated in C:\xampp\htdocs\AnimeShop\wp-includes\functions.php on line 2196
[13-May-2026 11:22:50 UTC] PHP Deprecated:  strpos(): Passing null to parameter #1 ($haystack) of type string is deprecated in C:\xampp\htdocs\AnimeShop\wp-includes\functions.php on line 7374
[13-May-2026 11:22:50 UTC] PHP Deprecated:  str_replace(): Passing null to parameter #3 ($subject) of type array|string is deprecated in C:\xampp\htdocs\AnimeShop\wp-includes\functions.php on line 2196
[13-May-2026 11:22:51 UTC] PHP Deprecated:  strpos(): Passing null to parameter #1 ($haystack) of type string is deprecated in C:\xampp\htdocs\AnimeShop\wp-includes\functions.php on line 7374
[13-May-2026 11:22:51 UTC] PHP Deprecated:  str_replace(): Passing null to parameter #3 ($subject) of type array|string is deprecated in C:\xampp\htdocs\AnimeShop\wp-includes\functions.php on line 2196
[13-May-2026 11:22:52 UTC] PHP Deprecated:  strpos(): Passing null to parameter #1 ($haystack) of type string is deprecated in C:\xampp\htdocs\AnimeShop\wp-includes\functions.php on line 7374
[13-May-2026 11:22:52 UTC] PHP Deprecated:  str_replace(): Passing null to parameter #3 ($subject) of type array|string is deprecated in C:\xampp\htdocs\AnimeShop\wp-includes\functions.php on line 2196
[13-May-2026 11:22:53 UTC] PHP Deprecated:  strpos(): Passing null to parameter #1 ($haystack) of type string is deprecated in C:\xampp\htdocs\AnimeShop\wp-includes\functions.php on line 7374
[13-May-2026 11:22:53 UTC] PHP Deprecated:  str_replace(): Passing null to parameter #3 ($subject) of type array|string is deprecated in C:\xampp\htdocs\AnimeShop\wp-includes\functions.php on line 2196
[13-May-2026 11:22:55 UTC] PHP Deprecated:  strpos(): Passing null to parameter #1 ($haystack) of type string is deprecated in C:\xampp\htdocs\AnimeShop\wp-includes\functions.php on line 7374
[13-May-2026 11:22:55 UTC] PHP Deprecated:  str_replace(): Passing null to parameter #3 ($subject) of type array|string is deprecated in C:\xampp\htdocs\AnimeShop\wp-includes\functions.php on line 2196
[13-May-2026 11:22:56 UTC] PHP Deprecated:  strpos(): Passing null to parameter #1 ($haystack) of type string is deprecated in C:\xampp\htdocs\AnimeShop\wp-includes\functions.php on line 7374
[13-May-2026 11:22:56 UTC] PHP Deprecated:  str_replace(): Passing null to parameter #3 ($subject) of type array|string is deprecated in C:\xampp\htdocs\AnimeShop\wp-includes\functions.php on line 2196
[13-May-2026 11:22:57 UTC] PHP Deprecated:  strpos(): Passing null to parameter #1 ($haystack) of type string is deprecated in C:\xampp\htdocs\AnimeShop\wp-includes\functions.php on line 7374
[13-May-2026 11:22:57 UTC] PHP Deprecated:  str_replace(): Passing null to parameter #3 ($subject) of type array|string is deprecated in C:\xampp\htdocs\AnimeShop\wp-includes\functions.php on line 2196
[13-May-2026 11:22:58 UTC] PHP Deprecated:  strpos(): Passing null to parameter #1 ($haystack) of type string is deprecated in C:\xampp\htdocs\AnimeShop\wp-includes\functions.php on line 7374
[13-May-2026 11:22:58 UTC] PHP Deprecated:  str_replace(): Passing null to parameter #3 ($subject) of type array|string is deprecated in C:\xampp\htdocs\AnimeShop\wp-includes\functions.php on line 2196
[13-May-2026 11:22:59 UTC] PHP Deprecated:  strpos(): Passing null to parameter #1 ($haystack) of type string is deprecated in C:\xampp\htdocs\AnimeShop\wp-includes\functions.php on line 7374
[13-May-2026 11:22:59 UTC] PHP Deprecated:  str_replace(): Passing null to parameter #3 ($subject) of type array|string is deprecated in C:\xampp\htdocs\AnimeShop\wp-includes\functions.php on line 2196
[13-May-2026 11:23:00 UTC] PHP Deprecated:  strpos(): Passing null to parameter #1 ($haystack) of type string is deprecated in C:\xampp\htdocs\AnimeShop\wp-includes\functions.php on line 7374
[13-May-2026 11:23:00 UTC] PHP Deprecated:  str_replace(): Passing null to parameter #3 ($subject) of type array|string is deprecated in C:\xampp\htdocs\AnimeShop\wp-includes\functions.php on line 2196
[13-May-2026 11:23:01 UTC] PHP Deprecated:  strpos(): Passing null to parameter #1 ($haystack) of type string is deprecated in C:\xampp\htdocs\AnimeShop\wp-includes\functions.php on line 7374
[13-May-2026 11:23:01 UTC] PHP Deprecated:  str_replace(): Passing null to parameter #3 ($subject) of type array|string is deprecated in C:\xampp\htdocs\AnimeShop\wp-includes\functions.php on line 2196
[13-May-2026 11:23:02 UTC] PHP Deprecated:  strpos(): Passing null to parameter #1 ($haystack) of type string is deprecated in C:\xampp\htdocs\AnimeShop\wp-includes\functions.php on line 7374
[13-May-2026 11:23:02 UTC] PHP Deprecated:  str_replace(): Passing null to parameter #3 ($subject) of type array|string is deprecated in C:\xampp\htdocs\AnimeShop\wp-includes\functions.php on line 2196
[13-May-2026 11:23:03 UTC] PHP Deprecated:  strpos(): Passing null to parameter #1 ($haystack) of type string is deprecated in C:\xampp\htdocs\AnimeShop\wp-includes\functions.php on line 7374
[13-May-2026 11:23:03 UTC] PHP Deprecated:  str_replace(): Passing null to parameter #3 ($subject) of type array|string is deprecated in C:\xampp\htdocs\AnimeShop\wp-includes\functions.php on line 2196
[13-May-2026 11:23:03 UTC] PHP Deprecated:  strpos(): Passing null to parameter #1 ($haystack) of type string is deprecated in C:\xampp\htdocs\AnimeShop\wp-includes\functions.php on line 7374
[13-May-2026 11:23:03 UTC] PHP Deprecated:  str_replace(): Passing null to parameter #3 ($subject) of type array|string is deprecated in C:\xampp\htdocs\AnimeShop\wp-includes\functions.php on line 2196
[13-May-2026 11:23:05 UTC] PHP Deprecated:  strpos(): Passing null to parameter #1 ($haystack) of type string is deprecated in C:\xampp\htdocs\AnimeShop\wp-includes\functions.php on line 7374
[13-May-2026 11:23:05 UTC] PHP Deprecated:  str_replace(): Passing null to parameter #3 ($subject) of type array|string is deprecated in C:\xampp\htdocs\AnimeShop\wp-includes\functions.php on line 2196
[13-May-2026 11:23:06 UTC] PHP Deprecated:  strpos(): Passing null to parameter #1 ($haystack) of type string is deprecated in C:\xampp\htdocs\AnimeShop\wp-includes\functions.php on line 7374
[13-May-2026 11:23:06 UTC] PHP Deprecated:  str_replace(): Passing null to parameter #3 ($subject) of type array|string is deprecated in C:\xampp\htdocs\AnimeShop\wp-includes\functions.php on line 2196
[13-May-2026 11:23:07 UTC] PHP Deprecated:  strpos(): Passing null to parameter #1 ($haystack) of type string is deprecated in C:\xampp\htdocs\AnimeShop\wp-includes\functions.php on line 7374
[13-May-2026 11:23:07 UTC] PHP Deprecated:  str_replace(): Passing null to parameter #3 ($subject) of type array|string is deprecated in C:\xampp\htdocs\AnimeShop\wp-includes\functions.php on line 2196
[13-May-2026 11:23:09 UTC] PHP Deprecated:  strpos(): Passing null to parameter #1 ($haystack) of type string is deprecated in C:\xampp\htdocs\AnimeShop\wp-includes\functions.php on line 7374
[13-May-2026 11:23:09 UTC] PHP Deprecated:  str_replace(): Passing null to parameter #3 ($subject) of type array|string is deprecated in C:\xampp\htdocs\AnimeShop\wp-includes\functions.php on line 2196
[13-May-2026 11:23:11 UTC] PHP Deprecated:  strpos(): Passing null to parameter #1 ($haystack) of type string is deprecated in C:\xampp\htdocs\AnimeShop\wp-includes\functions.php on line 7374
[13-May-2026 11:23:11 UTC] PHP Deprecated:  str_replace(): Passing null to parameter #3 ($subject) of type array|string is deprecated in C:\xampp\htdocs\AnimeShop\wp-includes\functions.php on line 2196
[13-May-2026 11:23:13 UTC] PHP Deprecated:  strpos(): Passing null to parameter #1 ($haystack) of type string is deprecated in C:\xampp\htdocs\AnimeShop\wp-includes\functions.php on line 7374
[13-May-2026 11:23:13 UTC] PHP Deprecated:  str_replace(): Passing null to parameter #3 ($subject) of type array|string is deprecated in C:\xampp\htdocs\AnimeShop\wp-includes\functions.php on line 2196
[13-May-2026 11:23:15 UTC] PHP Deprecated:  strpos(): Passing null to parameter #1 ($haystack) of type string is deprecated in C:\xampp\htdocs\AnimeShop\wp-includes\functions.php on line 7374
[13-May-2026 11:23:15 UTC] PHP Deprecated:  str_replace(): Passing null to parameter #3 ($subject) of type array|string is deprecated in C:\xampp\htdocs\AnimeShop\wp-includes\functions.php on line 2196
[13-May-2026 11:23:17 UTC] PHP Deprecated:  strpos(): Passing null to parameter #1 ($haystack) of type string is deprecated in C:\xampp\htdocs\AnimeShop\wp-includes\functions.php on line 7374
[13-May-2026 11:23:17 UTC] PHP Deprecated:  str_replace(): Passing null to parameter #3 ($subject) of type array|string is deprecated in C:\xampp\htdocs\AnimeShop\wp-includes\functions.php on line 2196
[13-May-2026 11:23:19 UTC] PHP Deprecated:  strpos(): Passing null to parameter #1 ($haystack) of type string is deprecated in C:\xampp\htdocs\AnimeShop\wp-includes\functions.php on line 7374
[13-May-2026 11:23:19 UTC] PHP Deprecated:  str_replace(): Passing null to parameter #3 ($subject) of type array|string is deprecated in C:\xampp\htdocs\AnimeShop\wp-includes\functions.php on line 2196
[13-May-2026 11:23:20 UTC] PHP Deprecated:  strpos(): Passing null to parameter #1 ($haystack) of type string is deprecated in C:\xampp\htdocs\AnimeShop\wp-includes\functions.php on line 7374
[13-May-2026 11:23:20 UTC] PHP Deprecated:  str_replace(): Passing null to parameter #3 ($subject) of type array|string is deprecated in C:\xampp\htdocs\AnimeShop\wp-includes\functions.php on line 2196
[13-May-2026 11:23:22 UTC] PHP Deprecated:  strpos(): Passing null to parameter #1 ($haystack) of type string is deprecated in C:\xampp\htdocs\AnimeShop\wp-includes\functions.php on line 7374
[13-May-2026 11:23:22 UTC] PHP Deprecated:  str_replace(): Passing null to parameter #3 ($subject) of type array|string is deprecated in C:\xampp\htdocs\AnimeShop\wp-includes\functions.php on line 2196
[13-May-2026 11:23:23 UTC] PHP Deprecated:  strpos(): Passing null to parameter #1 ($haystack) of type string is deprecated in C:\xampp\htdocs\AnimeShop\wp-includes\functions.php on line 7374
[13-May-2026 11:23:23 UTC] PHP Deprecated:  str_replace(): Passing null to parameter #3 ($subject) of type array|string is deprecated in C:\xampp\htdocs\AnimeShop\wp-includes\functions.php on line 2196
[13-May-2026 11:23:25 UTC] PHP Deprecated:  strpos(): Passing null to parameter #1 ($haystack) of type string is deprecated in C:\xampp\htdocs\AnimeShop\wp-includes\functions.php on line 7374
[13-May-2026 11:23:25 UTC] PHP Deprecated:  str_replace(): Passing null to parameter #3 ($subject) of type array|string is deprecated in C:\xampp\htdocs\AnimeShop\wp-includes\functions.php on line 2196
[13-May-2026 11:23:26 UTC] PHP Deprecated:  strpos(): Passing null to parameter #1 ($haystack) of type string is deprecated in C:\xampp\htdocs\AnimeShop\wp-includes\functions.php on line 7374
[13-May-2026 11:23:26 UTC] PHP Deprecated:  str_replace(): Passing null to parameter #3 ($subject) of type array|string is deprecated in C:\xampp\htdocs\AnimeShop\wp-includes\functions.php on line 2196
[13-May-2026 11:23:27 UTC] PHP Deprecated:  strpos(): Passing null to parameter #1 ($haystack) of type string is deprecated in C:\xampp\htdocs\AnimeShop\wp-includes\functions.php on line 7374
[13-May-2026 11:23:27 UTC] PHP Deprecated:  str_replace(): Passing null to parameter #3 ($subject) of type array|string is deprecated in C:\xampp\htdocs\AnimeShop\wp-includes\functions.php on line 2196
[13-May-2026 11:23:28 UTC] PHP Deprecated:  strpos(): Passing null to parameter #1 ($haystack) of type string is deprecated in C:\xampp\htdocs\AnimeShop\wp-includes\functions.php on line 7374
[13-May-2026 11:23:28 UTC] PHP Deprecated:  str_replace(): Passing null to parameter #3 ($subject) of type array|string is deprecated in C:\xampp\htdocs\AnimeShop\wp-includes\functions.php on line 2196
[13-May-2026 11:23:29 UTC] PHP Deprecated:  strpos(): Passing null to parameter #1 ($haystack) of type string is deprecated in C:\xampp\htdocs\AnimeShop\wp-includes\functions.php on line 7374
[13-May-2026 11:23:29 UTC] PHP Deprecated:  str_replace(): Passing null to parameter #3 ($subject) of type array|string is deprecated in C:\xampp\htdocs\AnimeShop\wp-includes\functions.php on line 2196
[13-May-2026 11:23:31 UTC] PHP Deprecated:  strpos(): Passing null to parameter #1 ($haystack) of type string is deprecated in C:\xampp\htdocs\AnimeShop\wp-includes\functions.php on line 7374
[13-May-2026 11:23:31 UTC] PHP Deprecated:  str_replace(): Passing null to parameter #3 ($subject) of type array|string is deprecated in C:\xampp\htdocs\AnimeShop\wp-includes\functions.php on line 2196
[13-May-2026 11:23:32 UTC] PHP Deprecated:  strpos(): Passing null to parameter #1 ($haystack) of type string is deprecated in C:\xampp\htdocs\AnimeShop\wp-includes\functions.php on line 7374
[13-May-2026 11:23:32 UTC] PHP Deprecated:  str_replace(): Passing null to parameter #3 ($subject) of type array|string is deprecated in C:\xampp\htdocs\AnimeShop\wp-includes\functions.php on line 2196
[13-May-2026 11:23:33 UTC] PHP Deprecated:  strpos(): Passing null to parameter #1 ($haystack) of type string is deprecated in C:\xampp\htdocs\AnimeShop\wp-includes\functions.php on line 7374
[13-May-2026 11:23:33 UTC] PHP Deprecated:  str_replace(): Passing null to parameter #3 ($subject) of type array|string is deprecated in C:\xampp\htdocs\AnimeShop\wp-includes\functions.php on line 2196
[13-May-2026 11:23:34 UTC] PHP Deprecated:  strpos(): Passing null to parameter #1 ($haystack) of type string is deprecated in C:\xampp\htdocs\AnimeShop\wp-includes\functions.php on line 7374
[13-May-2026 11:23:34 UTC] PHP Deprecated:  str_replace(): Passing null to parameter #3 ($subject) of type array|string is deprecated in C:\xampp\htdocs\AnimeShop\wp-includes\functions.php on line 2196
[13-May-2026 11:23:35 UTC] PHP Deprecated:  strpos(): Passing null to parameter #1 ($haystack) of type string is deprecated in C:\xampp\htdocs\AnimeShop\wp-includes\functions.php on line 7374
[13-May-2026 11:23:35 UTC] PHP Deprecated:  str_replace(): Passing null to parameter #3 ($subject) of type array|string is deprecated in C:\xampp\htdocs\AnimeShop\wp-includes\functions.php on line 2196
[13-May-2026 11:23:37 UTC] PHP Deprecated:  strpos(): Passing null to parameter #1 ($haystack) of type string is deprecated in C:\xampp\htdocs\AnimeShop\wp-includes\functions.php on line 7374
[13-May-2026 11:23:37 UTC] PHP Deprecated:  str_replace(): Passing null to parameter #3 ($subject) of type array|string is deprecated in C:\xampp\htdocs\AnimeShop\wp-includes\functions.php on line 2196
[13-May-2026 11:23:38 UTC] PHP Deprecated:  strpos(): Passing null to parameter #1 ($haystack) of type string is deprecated in C:\xampp\htdocs\AnimeShop\wp-includes\functions.php on line 7374
[13-May-2026 11:23:38 UTC] PHP Deprecated:  str_replace(): Passing null to parameter #3 ($subject) of type array|string is deprecated in C:\xampp\htdocs\AnimeShop\wp-includes\functions.php on line 2196
[13-May-2026 11:23:39 UTC] PHP Deprecated:  strpos(): Passing null to parameter #1 ($haystack) of type string is deprecated in C:\xampp\htdocs\AnimeShop\wp-includes\functions.php on line 7374
[13-May-2026 11:23:39 UTC] PHP Deprecated:  str_replace(): Passing null to parameter #3 ($subject) of type array|string is deprecated in C:\xampp\htdocs\AnimeShop\wp-includes\functions.php on line 2196
[13-May-2026 11:23:40 UTC] PHP Deprecated:  strpos(): Passing null to parameter #1 ($haystack) of type string is deprecated in C:\xampp\htdocs\AnimeShop\wp-includes\functions.php on line 7374
[13-May-2026 11:23:40 UTC] PHP Deprecated:  str_replace(): Passing null to parameter #3 ($subject) of type array|string is deprecated in C:\xampp\htdocs\AnimeShop\wp-includes\functions.php on line 2196
[13-May-2026 11:23:41 UTC] PHP Deprecated:  strpos(): Passing null to parameter #1 ($haystack) of type string is deprecated in C:\xampp\htdocs\AnimeShop\wp-includes\functions.php on line 7374
[13-May-2026 11:23:41 UTC] PHP Deprecated:  str_replace(): Passing null to parameter #3 ($subject) of type array|string is deprecated in C:\xampp\htdocs\AnimeShop\wp-includes\functions.php on line 2196
[13-May-2026 11:23:43 UTC] PHP Deprecated:  strpos(): Passing null to parameter #1 ($haystack) of type string is deprecated in C:\xampp\htdocs\AnimeShop\wp-includes\functions.php on line 7374
[13-May-2026 11:23:43 UTC] PHP Deprecated:  str_replace(): Passing null to parameter #3 ($subject) of type array|string is deprecated in C:\xampp\htdocs\AnimeShop\wp-includes\functions.php on line 2196
[13-May-2026 11:25:27 UTC] PHP Deprecated:  strpos(): Passing null to parameter #1 ($haystack) of type string is deprecated in C:\xampp\htdocs\AnimeShop\wp-includes\functions.php on line 7374
[13-May-2026 11:25:27 UTC] PHP Deprecated:  str_replace(): Passing null to parameter #3 ($subject) of type array|string is deprecated in C:\xampp\htdocs\AnimeShop\wp-includes\functions.php on line 2196
[13-May-2026 11:25:28 UTC] PHP Deprecated:  strpos(): Passing null to parameter #1 ($haystack) of type string is deprecated in C:\xampp\htdocs\AnimeShop\wp-includes\functions.php on line 7374
[13-May-2026 11:25:28 UTC] PHP Deprecated:  str_replace(): Passing null to parameter #3 ($subject) of type array|string is deprecated in C:\xampp\htdocs\AnimeShop\wp-includes\functions.php on line 2196
[13-May-2026 11:25:30 UTC] PHP Deprecated:  strpos(): Passing null to parameter #1 ($haystack) of type string is deprecated in C:\xampp\htdocs\AnimeShop\wp-includes\functions.php on line 7374
[13-May-2026 11:25:30 UTC] PHP Deprecated:  str_replace(): Passing null to parameter #3 ($subject) of type array|string is deprecated in C:\xampp\htdocs\AnimeShop\wp-includes\functions.php on line 2196
[13-May-2026 11:25:34 UTC] PHP Deprecated:  strpos(): Passing null to parameter #1 ($haystack) of type string is deprecated in C:\xampp\htdocs\AnimeShop\wp-includes\functions.php on line 7374
[13-May-2026 11:25:34 UTC] PHP Deprecated:  str_replace(): Passing null to parameter #3 ($subject) of type array|string is deprecated in C:\xampp\htdocs\AnimeShop\wp-includes\functions.php on line 2196
[13-May-2026 11:26:02 UTC] PHP Deprecated:  strpos(): Passing null to parameter #1 ($haystack) of type string is deprecated in C:\xampp\htdocs\AnimeShop\wp-includes\functions.php on line 7374
[13-May-2026 11:26:02 UTC] PHP Deprecated:  str_replace(): Passing null to parameter #3 ($subject) of type array|string is deprecated in C:\xampp\htdocs\AnimeShop\wp-includes\functions.php on line 2196
[13-May-2026 11:26:03 UTC] PHP Deprecated:  strpos(): Passing null to parameter #1 ($haystack) of type string is deprecated in C:\xampp\htdocs\AnimeShop\wp-includes\functions.php on line 7374
[13-May-2026 11:26:03 UTC] PHP Deprecated:  str_replace(): Passing null to parameter #3 ($subject) of type array|string is deprecated in C:\xampp\htdocs\AnimeShop\wp-includes\functions.php on line 2196
[13-May-2026 11:26:09 UTC] PHP Deprecated:  strpos(): Passing null to parameter #1 ($haystack) of type string is deprecated in C:\xampp\htdocs\AnimeShop\wp-includes\functions.php on line 7374
[13-May-2026 11:26:09 UTC] PHP Deprecated:  str_replace(): Passing null to parameter #3 ($subject) of type array|string is deprecated in C:\xampp\htdocs\AnimeShop\wp-includes\functions.php on line 2196
[13-May-2026 11:26:13 UTC] PHP Deprecated:  strpos(): Passing null to parameter #1 ($haystack) of type string is deprecated in C:\xampp\htdocs\AnimeShop\wp-includes\functions.php on line 7374
[13-May-2026 11:26:13 UTC] PHP Deprecated:  str_replace(): Passing null to parameter #3 ($subject) of type array|string is deprecated in C:\xampp\htdocs\AnimeShop\wp-includes\functions.php on line 2196
[13-May-2026 11:26:37 UTC] PHP Deprecated:  strpos(): Passing null to parameter #1 ($haystack) of type string is deprecated in C:\xampp\htdocs\AnimeShop\wp-includes\functions.php on line 7374
[13-May-2026 11:26:37 UTC] PHP Deprecated:  str_replace(): Passing null to parameter #3 ($subject) of type array|string is deprecated in C:\xampp\htdocs\AnimeShop\wp-includes\functions.php on line 2196
[13-May-2026 11:26:38 UTC] PHP Deprecated:  strpos(): Passing null to parameter #1 ($haystack) of type string is deprecated in C:\xampp\htdocs\AnimeShop\wp-includes\functions.php on line 7374
[13-May-2026 11:26:38 UTC] PHP Deprecated:  str_replace(): Passing null to parameter #3 ($subject) of type array|string is deprecated in C:\xampp\htdocs\AnimeShop\wp-includes\functions.php on line 2196
[13-May-2026 11:26:46 UTC] PHP Deprecated:  strpos(): Passing null to parameter #1 ($haystack) of type string is deprecated in C:\xampp\htdocs\AnimeShop\wp-includes\functions.php on line 7374
[13-May-2026 11:26:46 UTC] PHP Deprecated:  str_replace(): Passing null to parameter #3 ($subject) of type array|string is deprecated in C:\xampp\htdocs\AnimeShop\wp-includes\functions.php on line 2196
[13-May-2026 11:26:50 UTC] PHP Deprecated:  strpos(): Passing null to parameter #1 ($haystack) of type string is deprecated in C:\xampp\htdocs\AnimeShop\wp-includes\functions.php on line 7374
[13-May-2026 11:26:50 UTC] PHP Deprecated:  str_replace(): Passing null to parameter #3 ($subject) of type array|string is deprecated in C:\xampp\htdocs\AnimeShop\wp-includes\functions.php on line 2196
[13-May-2026 11:27:27 UTC] PHP Deprecated:  strpos(): Passing null to parameter #1 ($haystack) of type string is deprecated in C:\xampp\htdocs\AnimeShop\wp-includes\functions.php on line 7374
[13-May-2026 11:27:27 UTC] PHP Deprecated:  str_replace(): Passing null to parameter #3 ($subject) of type array|string is deprecated in C:\xampp\htdocs\AnimeShop\wp-includes\functions.php on line 2196
[13-May-2026 11:27:28 UTC] PHP Deprecated:  strpos(): Passing null to parameter #1 ($haystack) of type string is deprecated in C:\xampp\htdocs\AnimeShop\wp-includes\functions.php on line 7374
[13-May-2026 11:27:28 UTC] PHP Deprecated:  str_replace(): Passing null to parameter #3 ($subject) of type array|string is deprecated in C:\xampp\htdocs\AnimeShop\wp-includes\functions.php on line 2196
[13-May-2026 11:27:32 UTC] PHP Deprecated:  strpos(): Passing null to parameter #1 ($haystack) of type string is deprecated in C:\xampp\htdocs\AnimeShop\wp-includes\functions.php on line 7374
[13-May-2026 11:27:32 UTC] PHP Deprecated:  str_replace(): Passing null to parameter #3 ($subject) of type array|string is deprecated in C:\xampp\htdocs\AnimeShop\wp-includes\functions.php on line 2196
[13-May-2026 11:27:37 UTC] PHP Deprecated:  strpos(): Passing null to parameter #1 ($haystack) of type string is deprecated in C:\xampp\htdocs\AnimeShop\wp-includes\functions.php on line 7374
[13-May-2026 11:27:37 UTC] PHP Deprecated:  str_replace(): Passing null to parameter #3 ($subject) of type array|string is deprecated in C:\xampp\htdocs\AnimeShop\wp-includes\functions.php on line 2196
[13-May-2026 11:27:52 UTC] PHP Deprecated:  strpos(): Passing null to parameter #1 ($haystack) of type string is deprecated in C:\xampp\htdocs\AnimeShop\wp-includes\functions.php on line 7374
[13-May-2026 11:27:52 UTC] PHP Deprecated:  str_replace(): Passing null to parameter #3 ($subject) of type array|string is deprecated in C:\xampp\htdocs\AnimeShop\wp-includes\functions.php on line 2196
[13-May-2026 11:27:53 UTC] PHP Deprecated:  strpos(): Passing null to parameter #1 ($haystack) of type string is deprecated in C:\xampp\htdocs\AnimeShop\wp-includes\functions.php on line 7374
[13-May-2026 11:27:53 UTC] PHP Deprecated:  str_replace(): Passing null to parameter #3 ($subject) of type array|string is deprecated in C:\xampp\htdocs\AnimeShop\wp-includes\functions.php on line 2196
[13-May-2026 11:27:59 UTC] PHP Deprecated:  strpos(): Passing null to parameter #1 ($haystack) of type string is deprecated in C:\xampp\htdocs\AnimeShop\wp-includes\functions.php on line 7374
[13-May-2026 11:27:59 UTC] PHP Deprecated:  str_replace(): Passing null to parameter #3 ($subject) of type array|string is deprecated in C:\xampp\htdocs\AnimeShop\wp-includes\functions.php on line 2196
[13-May-2026 11:28:00 UTC] PHP Deprecated:  strpos(): Passing null to parameter #1 ($haystack) of type string is deprecated in C:\xampp\htdocs\AnimeShop\wp-includes\functions.php on line 7374
[13-May-2026 11:28:00 UTC] PHP Deprecated:  str_replace(): Passing null to parameter #3 ($subject) of type array|string is deprecated in C:\xampp\htdocs\AnimeShop\wp-includes\functions.php on line 2196
[13-May-2026 11:28:01 UTC] PHP Deprecated:  strpos(): Passing null to parameter #1 ($haystack) of type string is deprecated in C:\xampp\htdocs\AnimeShop\wp-includes\functions.php on line 7374
[13-May-2026 11:28:01 UTC] PHP Deprecated:  str_replace(): Passing null to parameter #3 ($subject) of type array|string is deprecated in C:\xampp\htdocs\AnimeShop\wp-includes\functions.php on line 2196
[13-May-2026 11:28:05 UTC] PHP Deprecated:  strpos(): Passing null to parameter #1 ($haystack) of type string is deprecated in C:\xampp\htdocs\AnimeShop\wp-includes\functions.php on line 7374
[13-May-2026 11:28:05 UTC] PHP Deprecated:  str_replace(): Passing null to parameter #3 ($subject) of type array|string is deprecated in C:\xampp\htdocs\AnimeShop\wp-includes\functions.php on line 2196
[13-May-2026 11:28:48 UTC] PHP Deprecated:  strpos(): Passing null to parameter #1 ($haystack) of type string is deprecated in C:\xampp\htdocs\AnimeShop\wp-includes\functions.php on line 7374
[13-May-2026 11:28:48 UTC] PHP Deprecated:  str_replace(): Passing null to parameter #3 ($subject) of type array|string is deprecated in C:\xampp\htdocs\AnimeShop\wp-includes\functions.php on line 2196
[13-May-2026 11:28:50 UTC] PHP Deprecated:  strpos(): Passing null to parameter #1 ($haystack) of type string is deprecated in C:\xampp\htdocs\AnimeShop\wp-includes\functions.php on line 7374
[13-May-2026 11:28:50 UTC] PHP Deprecated:  str_replace(): Passing null to parameter #3 ($subject) of type array|string is deprecated in C:\xampp\htdocs\AnimeShop\wp-includes\functions.php on line 2196
[13-May-2026 11:29:18 UTC] PHP Deprecated:  strpos(): Passing null to parameter #1 ($haystack) of type string is deprecated in C:\xampp\htdocs\AnimeShop\wp-includes\functions.php on line 7374
[13-May-2026 11:29:18 UTC] PHP Deprecated:  str_replace(): Passing null to parameter #3 ($subject) of type array|string is deprecated in C:\xampp\htdocs\AnimeShop\wp-includes\functions.php on line 2196
[13-May-2026 11:29:19 UTC] PHP Deprecated:  strpos(): Passing null to parameter #1 ($haystack) of type string is deprecated in C:\xampp\htdocs\AnimeShop\wp-includes\functions.php on line 7374
[13-May-2026 11:29:19 UTC] PHP Deprecated:  str_replace(): Passing null to parameter #3 ($subject) of type array|string is deprecated in C:\xampp\htdocs\AnimeShop\wp-includes\functions.php on line 2196
[13-May-2026 11:29:26 UTC] PHP Deprecated:  strpos(): Passing null to parameter #1 ($haystack) of type string is deprecated in C:\xampp\htdocs\AnimeShop\wp-includes\functions.php on line 7374
[13-May-2026 11:29:26 UTC] PHP Deprecated:  str_replace(): Passing null to parameter #3 ($subject) of type array|string is deprecated in C:\xampp\htdocs\AnimeShop\wp-includes\functions.php on line 2196
[13-May-2026 11:29:27 UTC] PHP Deprecated:  strpos(): Passing null to parameter #1 ($haystack) of type string is deprecated in C:\xampp\htdocs\AnimeShop\wp-includes\functions.php on line 7374
[13-May-2026 11:29:27 UTC] PHP Deprecated:  str_replace(): Passing null to parameter #3 ($subject) of type array|string is deprecated in C:\xampp\htdocs\AnimeShop\wp-includes\functions.php on line 2196
[13-May-2026 11:29:31 UTC] PHP Deprecated:  strpos(): Passing null to parameter #1 ($haystack) of type string is deprecated in C:\xampp\htdocs\AnimeShop\wp-includes\functions.php on line 7374
[13-May-2026 11:29:31 UTC] PHP Deprecated:  str_replace(): Passing null to parameter #3 ($subject) of type array|string is deprecated in C:\xampp\htdocs\AnimeShop\wp-includes\functions.php on line 2196
[13-May-2026 11:29:37 UTC] PHP Deprecated:  strpos(): Passing null to parameter #1 ($haystack) of type string is deprecated in C:\xampp\htdocs\AnimeShop\wp-includes\functions.php on line 7374
[13-May-2026 11:29:37 UTC] PHP Deprecated:  str_replace(): Passing null to parameter #3 ($subject) of type array|string is deprecated in C:\xampp\htdocs\AnimeShop\wp-includes\functions.php on line 2196
[13-May-2026 11:29:57 UTC] PHP Deprecated:  strpos(): Passing null to parameter #1 ($haystack) of type string is deprecated in C:\xampp\htdocs\AnimeShop\wp-includes\functions.php on line 7374
[13-May-2026 11:29:57 UTC] PHP Deprecated:  str_replace(): Passing null to parameter #3 ($subject) of type array|string is deprecated in C:\xampp\htdocs\AnimeShop\wp-includes\functions.php on line 2196
[13-May-2026 11:29:58 UTC] PHP Deprecated:  strpos(): Passing null to parameter #1 ($haystack) of type string is deprecated in C:\xampp\htdocs\AnimeShop\wp-includes\functions.php on line 7374
[13-May-2026 11:29:58 UTC] PHP Deprecated:  str_replace(): Passing null to parameter #3 ($subject) of type array|string is deprecated in C:\xampp\htdocs\AnimeShop\wp-includes\functions.php on line 2196
[13-May-2026 11:32:54 UTC] PHP Deprecated:  strpos(): Passing null to parameter #1 ($haystack) of type string is deprecated in C:\xampp\htdocs\AnimeShop\wp-includes\functions.php on line 7374
[13-May-2026 11:32:54 UTC] PHP Deprecated:  str_replace(): Passing null to parameter #3 ($subject) of type array|string is deprecated in C:\xampp\htdocs\AnimeShop\wp-includes\functions.php on line 2196
[13-May-2026 11:32:55 UTC] PHP Deprecated:  strpos(): Passing null to parameter #1 ($haystack) of type string is deprecated in C:\xampp\htdocs\AnimeShop\wp-includes\functions.php on line 7374
[13-May-2026 11:32:55 UTC] PHP Deprecated:  str_replace(): Passing null to parameter #3 ($subject) of type array|string is deprecated in C:\xampp\htdocs\AnimeShop\wp-includes\functions.php on line 2196
[13-May-2026 11:32:58 UTC] PHP Deprecated:  strpos(): Passing null to parameter #1 ($haystack) of type string is deprecated in C:\xampp\htdocs\AnimeShop\wp-includes\functions.php on line 7374
[13-May-2026 11:32:58 UTC] PHP Deprecated:  str_replace(): Passing null to parameter #3 ($subject) of type array|string is deprecated in C:\xampp\htdocs\AnimeShop\wp-includes\functions.php on line 2196
[13-May-2026 11:32:59 UTC] PHP Deprecated:  strpos(): Passing null to parameter #1 ($haystack) of type string is deprecated in C:\xampp\htdocs\AnimeShop\wp-includes\functions.php on line 7374
[13-May-2026 11:32:59 UTC] PHP Deprecated:  str_replace(): Passing null to parameter #3 ($subject) of type array|string is deprecated in C:\xampp\htdocs\AnimeShop\wp-includes\functions.php on line 2196
[13-May-2026 11:33:01 UTC] PHP Deprecated:  strpos(): Passing null to parameter #1 ($haystack) of type string is deprecated in C:\xampp\htdocs\AnimeShop\wp-includes\functions.php on line 7374
[13-May-2026 11:33:01 UTC] PHP Deprecated:  str_replace(): Passing null to parameter #3 ($subject) of type array|string is deprecated in C:\xampp\htdocs\AnimeShop\wp-includes\functions.php on line 2196
[13-May-2026 11:33:05 UTC] PHP Deprecated:  strpos(): Passing null to parameter #1 ($haystack) of type string is deprecated in C:\xampp\htdocs\AnimeShop\wp-includes\functions.php on line 7374
[13-May-2026 11:33:05 UTC] PHP Deprecated:  str_replace(): Passing null to parameter #3 ($subject) of type array|string is deprecated in C:\xampp\htdocs\AnimeShop\wp-includes\functions.php on line 2196
[13-May-2026 11:33:32 UTC] PHP Deprecated:  strpos(): Passing null to parameter #1 ($haystack) of type string is deprecated in C:\xampp\htdocs\AnimeShop\wp-includes\functions.php on line 7374
[13-May-2026 11:33:32 UTC] PHP Deprecated:  str_replace(): Passing null to parameter #3 ($subject) of type array|string is deprecated in C:\xampp\htdocs\AnimeShop\wp-includes\functions.php on line 2196
[13-May-2026 11:33:33 UTC] PHP Deprecated:  strpos(): Passing null to parameter #1 ($haystack) of type string is deprecated in C:\xampp\htdocs\AnimeShop\wp-includes\functions.php on line 7374
[13-May-2026 11:33:33 UTC] PHP Deprecated:  str_replace(): Passing null to parameter #3 ($subject) of type array|string is deprecated in C:\xampp\htdocs\AnimeShop\wp-includes\functions.php on line 2196
[13-May-2026 11:33:48 UTC] PHP Deprecated:  strpos(): Passing null to parameter #1 ($haystack) of type string is deprecated in C:\xampp\htdocs\AnimeShop\wp-includes\functions.php on line 7374
[13-May-2026 11:33:48 UTC] PHP Deprecated:  str_replace(): Passing null to parameter #3 ($subject) of type array|string is deprecated in C:\xampp\htdocs\AnimeShop\wp-includes\functions.php on line 2196
[13-May-2026 11:33:49 UTC] PHP Deprecated:  strpos(): Passing null to parameter #1 ($haystack) of type string is deprecated in C:\xampp\htdocs\AnimeShop\wp-includes\functions.php on line 7374
[13-May-2026 11:33:49 UTC] PHP Deprecated:  str_replace(): Passing null to parameter #3 ($subject) of type array|string is deprecated in C:\xampp\htdocs\AnimeShop\wp-includes\functions.php on line 2196
[13-May-2026 11:33:54 UTC] PHP Deprecated:  strpos(): Passing null to parameter #1 ($haystack) of type string is deprecated in C:\xampp\htdocs\AnimeShop\wp-includes\functions.php on line 7374
[13-May-2026 11:33:54 UTC] PHP Deprecated:  str_replace(): Passing null to parameter #3 ($subject) of type array|string is deprecated in C:\xampp\htdocs\AnimeShop\wp-includes\functions.php on line 2196
[13-May-2026 11:33:59 UTC] PHP Deprecated:  strpos(): Passing null to parameter #1 ($haystack) of type string is deprecated in C:\xampp\htdocs\AnimeShop\wp-includes\functions.php on line 7374
[13-May-2026 11:33:59 UTC] PHP Deprecated:  str_replace(): Passing null to parameter #3 ($subject) of type array|string is deprecated in C:\xampp\htdocs\AnimeShop\wp-includes\functions.php on line 2196
[13-May-2026 11:34:18 UTC] PHP Deprecated:  strpos(): Passing null to parameter #1 ($haystack) of type string is deprecated in C:\xampp\htdocs\AnimeShop\wp-includes\functions.php on line 7374
[13-May-2026 11:34:18 UTC] PHP Deprecated:  str_replace(): Passing null to parameter #3 ($subject) of type array|string is deprecated in C:\xampp\htdocs\AnimeShop\wp-includes\functions.php on line 2196
[13-May-2026 11:34:19 UTC] PHP Deprecated:  strpos(): Passing null to parameter #1 ($haystack) of type string is deprecated in C:\xampp\htdocs\AnimeShop\wp-includes\functions.php on line 7374
[13-May-2026 11:34:19 UTC] PHP Deprecated:  str_replace(): Passing null to parameter #3 ($subject) of type array|string is deprecated in C:\xampp\htdocs\AnimeShop\wp-includes\functions.php on line 2196
[13-May-2026 11:34:26 UTC] PHP Deprecated:  strpos(): Passing null to parameter #1 ($haystack) of type string is deprecated in C:\xampp\htdocs\AnimeShop\wp-includes\functions.php on line 7374
[13-May-2026 11:34:26 UTC] PHP Deprecated:  str_replace(): Passing null to parameter #3 ($subject) of type array|string is deprecated in C:\xampp\htdocs\AnimeShop\wp-includes\functions.php on line 2196
[13-May-2026 11:34:28 UTC] PHP Deprecated:  strpos(): Passing null to parameter #1 ($haystack) of type string is deprecated in C:\xampp\htdocs\AnimeShop\wp-includes\functions.php on line 7374
[13-May-2026 11:34:28 UTC] PHP Deprecated:  str_replace(): Passing null to parameter #3 ($subject) of type array|string is deprecated in C:\xampp\htdocs\AnimeShop\wp-includes\functions.php on line 2196
[13-May-2026 11:34:30 UTC] PHP Deprecated:  strpos(): Passing null to parameter #1 ($haystack) of type string is deprecated in C:\xampp\htdocs\AnimeShop\wp-includes\functions.php on line 7374
[13-May-2026 11:34:30 UTC] PHP Deprecated:  str_replace(): Passing null to parameter #3 ($subject) of type array|string is deprecated in C:\xampp\htdocs\AnimeShop\wp-includes\functions.php on line 2196
[13-May-2026 11:34:32 UTC] PHP Deprecated:  strpos(): Passing null to parameter #1 ($haystack) of type string is deprecated in C:\xampp\htdocs\AnimeShop\wp-includes\functions.php on line 7374
[13-May-2026 11:34:32 UTC] PHP Deprecated:  str_replace(): Passing null to parameter #3 ($subject) of type array|string is deprecated in C:\xampp\htdocs\AnimeShop\wp-includes\functions.php on line 2196
[13-May-2026 11:34:36 UTC] PHP Deprecated:  strpos(): Passing null to parameter #1 ($haystack) of type string is deprecated in C:\xampp\htdocs\AnimeShop\wp-includes\functions.php on line 7374
[13-May-2026 11:34:36 UTC] PHP Deprecated:  str_replace(): Passing null to parameter #3 ($subject) of type array|string is deprecated in C:\xampp\htdocs\AnimeShop\wp-includes\functions.php on line 2196
[13-May-2026 11:34:39 UTC] PHP Deprecated:  strpos(): Passing null to parameter #1 ($haystack) of type string is deprecated in C:\xampp\htdocs\AnimeShop\wp-includes\functions.php on line 7374
[13-May-2026 11:34:39 UTC] PHP Deprecated:  str_replace(): Passing null to parameter #3 ($subject) of type array|string is deprecated in C:\xampp\htdocs\AnimeShop\wp-includes\functions.php on line 2196
[13-May-2026 11:35:02 UTC] PHP Deprecated:  strpos(): Passing null to parameter #1 ($haystack) of type string is deprecated in C:\xampp\htdocs\AnimeShop\wp-includes\functions.php on line 7374
[13-May-2026 11:35:02 UTC] PHP Deprecated:  str_replace(): Passing null to parameter #3 ($subject) of type array|string is deprecated in C:\xampp\htdocs\AnimeShop\wp-includes\functions.php on line 2196
[13-May-2026 11:35:03 UTC] PHP Deprecated:  strpos(): Passing null to parameter #1 ($haystack) of type string is deprecated in C:\xampp\htdocs\AnimeShop\wp-includes\functions.php on line 7374
[13-May-2026 11:35:03 UTC] PHP Deprecated:  str_replace(): Passing null to parameter #3 ($subject) of type array|string is deprecated in C:\xampp\htdocs\AnimeShop\wp-includes\functions.php on line 2196
[13-May-2026 11:35:10 UTC] PHP Deprecated:  strpos(): Passing null to parameter #1 ($haystack) of type string is deprecated in C:\xampp\htdocs\AnimeShop\wp-includes\functions.php on line 7374
[13-May-2026 11:35:10 UTC] PHP Deprecated:  str_replace(): Passing null to parameter #3 ($subject) of type array|string is deprecated in C:\xampp\htdocs\AnimeShop\wp-includes\functions.php on line 2196
[13-May-2026 11:35:12 UTC] PHP Deprecated:  strpos(): Passing null to parameter #1 ($haystack) of type string is deprecated in C:\xampp\htdocs\AnimeShop\wp-includes\functions.php on line 7374
[13-May-2026 11:35:12 UTC] PHP Deprecated:  str_replace(): Passing null to parameter #3 ($subject) of type array|string is deprecated in C:\xampp\htdocs\AnimeShop\wp-includes\functions.php on line 2196
[13-May-2026 11:35:17 UTC] PHP Deprecated:  strpos(): Passing null to parameter #1 ($haystack) of type string is deprecated in C:\xampp\htdocs\AnimeShop\wp-includes\functions.php on line 7374
[13-May-2026 11:35:17 UTC] PHP Deprecated:  str_replace(): Passing null to parameter #3 ($subject) of type array|string is deprecated in C:\xampp\htdocs\AnimeShop\wp-includes\functions.php on line 2196
[13-May-2026 11:35:19 UTC] PHP Deprecated:  strpos(): Passing null to parameter #1 ($haystack) of type string is deprecated in C:\xampp\htdocs\AnimeShop\wp-includes\functions.php on line 7374
[13-May-2026 11:35:19 UTC] PHP Deprecated:  str_replace(): Passing null to parameter #3 ($subject) of type array|string is deprecated in C:\xampp\htdocs\AnimeShop\wp-includes\functions.php on line 2196
[13-May-2026 11:35:22 UTC] PHP Deprecated:  strpos(): Passing null to parameter #1 ($haystack) of type string is deprecated in C:\xampp\htdocs\AnimeShop\wp-includes\functions.php on line 7374
[13-May-2026 11:35:22 UTC] PHP Deprecated:  str_replace(): Passing null to parameter #3 ($subject) of type array|string is deprecated in C:\xampp\htdocs\AnimeShop\wp-includes\functions.php on line 2196
[13-May-2026 11:35:29 UTC] PHP Deprecated:  strpos(): Passing null to parameter #1 ($haystack) of type string is deprecated in C:\xampp\htdocs\AnimeShop\wp-includes\functions.php on line 7374
[13-May-2026 11:35:29 UTC] PHP Deprecated:  str_replace(): Passing null to parameter #3 ($subject) of type array|string is deprecated in C:\xampp\htdocs\AnimeShop\wp-includes\functions.php on line 2196
[13-May-2026 12:00:29 UTC] PHP Deprecated:  strpos(): Passing null to parameter #1 ($haystack) of type string is deprecated in C:\xampp\htdocs\AnimeShop\wp-includes\functions.php on line 7374
[13-May-2026 12:00:29 UTC] PHP Deprecated:  str_replace(): Passing null to parameter #3 ($subject) of type array|string is deprecated in C:\xampp\htdocs\AnimeShop\wp-includes\functions.php on line 2196
[13-May-2026 12:01:08 UTC] PHP Deprecated:  strpos(): Passing null to parameter #1 ($haystack) of type string is deprecated in C:\xampp\htdocs\AnimeShop\wp-includes\functions.php on line 7374
[13-May-2026 12:01:08 UTC] PHP Deprecated:  str_replace(): Passing null to parameter #3 ($subject) of type array|string is deprecated in C:\xampp\htdocs\AnimeShop\wp-includes\functions.php on line 2196
[13-May-2026 12:01:10 UTC] PHP Deprecated:  strpos(): Passing null to parameter #1 ($haystack) of type string is deprecated in C:\xampp\htdocs\AnimeShop\wp-includes\functions.php on line 7374
[13-May-2026 12:01:10 UTC] PHP Deprecated:  str_replace(): Passing null to parameter #3 ($subject) of type array|string is deprecated in C:\xampp\htdocs\AnimeShop\wp-includes\functions.php on line 2196
[13-May-2026 12:01:11 UTC] PHP Deprecated:  strpos(): Passing null to parameter #1 ($haystack) of type string is deprecated in C:\xampp\htdocs\AnimeShop\wp-includes\functions.php on line 7374
[13-May-2026 12:01:11 UTC] PHP Deprecated:  str_replace(): Passing null to parameter #3 ($subject) of type array|string is deprecated in C:\xampp\htdocs\AnimeShop\wp-includes\functions.php on line 2196
[13-May-2026 12:01:12 UTC] PHP Deprecated:  strpos(): Passing null to parameter #1 ($haystack) of type string is deprecated in C:\xampp\htdocs\AnimeShop\wp-includes\functions.php on line 7374
[13-May-2026 12:01:12 UTC] PHP Deprecated:  str_replace(): Passing null to parameter #3 ($subject) of type array|string is deprecated in C:\xampp\htdocs\AnimeShop\wp-includes\functions.php on line 2196
[13-May-2026 12:01:13 UTC] PHP Deprecated:  strpos(): Passing null to parameter #1 ($haystack) of type string is deprecated in C:\xampp\htdocs\AnimeShop\wp-includes\functions.php on line 7374
[13-May-2026 12:01:13 UTC] PHP Deprecated:  str_replace(): Passing null to parameter #3 ($subject) of type array|string is deprecated in C:\xampp\htdocs\AnimeShop\wp-includes\functions.php on line 2196
[13-May-2026 12:01:14 UTC] PHP Deprecated:  strpos(): Passing null to parameter #1 ($haystack) of type string is deprecated in C:\xampp\htdocs\AnimeShop\wp-includes\functions.php on line 7374
[13-May-2026 12:01:14 UTC] PHP Deprecated:  str_replace(): Passing null to parameter #3 ($subject) of type array|string is deprecated in C:\xampp\htdocs\AnimeShop\wp-includes\functions.php on line 2196
[13-May-2026 12:01:16 UTC] PHP Deprecated:  strpos(): Passing null to parameter #1 ($haystack) of type string is deprecated in C:\xampp\htdocs\AnimeShop\wp-includes\functions.php on line 7374
[13-May-2026 12:01:16 UTC] PHP Deprecated:  str_replace(): Passing null to parameter #3 ($subject) of type array|string is deprecated in C:\xampp\htdocs\AnimeShop\wp-includes\functions.php on line 2196
[13-May-2026 12:01:17 UTC] PHP Deprecated:  strpos(): Passing null to parameter #1 ($haystack) of type string is deprecated in C:\xampp\htdocs\AnimeShop\wp-includes\functions.php on line 7374
[13-May-2026 12:01:17 UTC] PHP Deprecated:  str_replace(): Passing null to parameter #3 ($subject) of type array|string is deprecated in C:\xampp\htdocs\AnimeShop\wp-includes\functions.php on line 2196
[13-May-2026 12:01:18 UTC] PHP Deprecated:  strpos(): Passing null to parameter #1 ($haystack) of type string is deprecated in C:\xampp\htdocs\AnimeShop\wp-includes\functions.php on line 7374
[13-May-2026 12:01:18 UTC] PHP Deprecated:  str_replace(): Passing null to parameter #3 ($subject) of type array|string is deprecated in C:\xampp\htdocs\AnimeShop\wp-includes\functions.php on line 2196
[13-May-2026 12:01:19 UTC] PHP Deprecated:  strpos(): Passing null to parameter #1 ($haystack) of type string is deprecated in C:\xampp\htdocs\AnimeShop\wp-includes\functions.php on line 7374
[13-May-2026 12:01:19 UTC] PHP Deprecated:  str_replace(): Passing null to parameter #3 ($subject) of type array|string is deprecated in C:\xampp\htdocs\AnimeShop\wp-includes\functions.php on line 2196
[13-May-2026 12:01:20 UTC] PHP Deprecated:  strpos(): Passing null to parameter #1 ($haystack) of type string is deprecated in C:\xampp\htdocs\AnimeShop\wp-includes\functions.php on line 7374
[13-May-2026 12:01:20 UTC] PHP Deprecated:  str_replace(): Passing null to parameter #3 ($subject) of type array|string is deprecated in C:\xampp\htdocs\AnimeShop\wp-includes\functions.php on line 2196
[13-May-2026 12:01:22 UTC] PHP Deprecated:  strpos(): Passing null to parameter #1 ($haystack) of type string is deprecated in C:\xampp\htdocs\AnimeShop\wp-includes\functions.php on line 7374
[13-May-2026 12:01:22 UTC] PHP Deprecated:  str_replace(): Passing null to parameter #3 ($subject) of type array|string is deprecated in C:\xampp\htdocs\AnimeShop\wp-includes\functions.php on line 2196
[13-May-2026 12:01:23 UTC] PHP Deprecated:  strpos(): Passing null to parameter #1 ($haystack) of type string is deprecated in C:\xampp\htdocs\AnimeShop\wp-includes\functions.php on line 7374
[13-May-2026 12:01:23 UTC] PHP Deprecated:  str_replace(): Passing null to parameter #3 ($subject) of type array|string is deprecated in C:\xampp\htdocs\AnimeShop\wp-includes\functions.php on line 2196
[13-May-2026 12:01:24 UTC] PHP Deprecated:  strpos(): Passing null to parameter #1 ($haystack) of type string is deprecated in C:\xampp\htdocs\AnimeShop\wp-includes\functions.php on line 7374
[13-May-2026 12:01:24 UTC] PHP Deprecated:  str_replace(): Passing null to parameter #3 ($subject) of type array|string is deprecated in C:\xampp\htdocs\AnimeShop\wp-includes\functions.php on line 2196
[13-May-2026 12:01:25 UTC] PHP Deprecated:  strpos(): Passing null to parameter #1 ($haystack) of type string is deprecated in C:\xampp\htdocs\AnimeShop\wp-includes\functions.php on line 7374
[13-May-2026 12:01:25 UTC] PHP Deprecated:  str_replace(): Passing null to parameter #3 ($subject) of type array|string is deprecated in C:\xampp\htdocs\AnimeShop\wp-includes\functions.php on line 2196
[13-May-2026 12:01:26 UTC] PHP Deprecated:  strpos(): Passing null to parameter #1 ($haystack) of type string is deprecated in C:\xampp\htdocs\AnimeShop\wp-includes\functions.php on line 7374
[13-May-2026 12:01:26 UTC] PHP Deprecated:  str_replace(): Passing null to parameter #3 ($subject) of type array|string is deprecated in C:\xampp\htdocs\AnimeShop\wp-includes\functions.php on line 2196
[13-May-2026 12:01:27 UTC] PHP Deprecated:  strpos(): Passing null to parameter #1 ($haystack) of type string is deprecated in C:\xampp\htdocs\AnimeShop\wp-includes\functions.php on line 7374
[13-May-2026 12:01:27 UTC] PHP Deprecated:  str_replace(): Passing null to parameter #3 ($subject) of type array|string is deprecated in C:\xampp\htdocs\AnimeShop\wp-includes\functions.php on line 2196
[13-May-2026 12:01:29 UTC] PHP Deprecated:  strpos(): Passing null to parameter #1 ($haystack) of type string is deprecated in C:\xampp\htdocs\AnimeShop\wp-includes\functions.php on line 7374
[13-May-2026 12:01:29 UTC] PHP Deprecated:  str_replace(): Passing null to parameter #3 ($subject) of type array|string is deprecated in C:\xampp\htdocs\AnimeShop\wp-includes\functions.php on line 2196
[13-May-2026 12:01:30 UTC] PHP Deprecated:  strpos(): Passing null to parameter #1 ($haystack) of type string is deprecated in C:\xampp\htdocs\AnimeShop\wp-includes\functions.php on line 7374
[13-May-2026 12:01:30 UTC] PHP Deprecated:  str_replace(): Passing null to parameter #3 ($subject) of type array|string is deprecated in C:\xampp\htdocs\AnimeShop\wp-includes\functions.php on line 2196
[13-May-2026 12:01:31 UTC] PHP Deprecated:  strpos(): Passing null to parameter #1 ($haystack) of type string is deprecated in C:\xampp\htdocs\AnimeShop\wp-includes\functions.php on line 7374
[13-May-2026 12:01:31 UTC] PHP Deprecated:  str_replace(): Passing null to parameter #3 ($subject) of type array|string is deprecated in C:\xampp\htdocs\AnimeShop\wp-includes\functions.php on line 2196
[13-May-2026 12:01:32 UTC] PHP Deprecated:  strpos(): Passing null to parameter #1 ($haystack) of type string is deprecated in C:\xampp\htdocs\AnimeShop\wp-includes\functions.php on line 7374
[13-May-2026 12:01:32 UTC] PHP Deprecated:  str_replace(): Passing null to parameter #3 ($subject) of type array|string is deprecated in C:\xampp\htdocs\AnimeShop\wp-includes\functions.php on line 2196
[13-May-2026 12:01:33 UTC] PHP Deprecated:  strpos(): Passing null to parameter #1 ($haystack) of type string is deprecated in C:\xampp\htdocs\AnimeShop\wp-includes\functions.php on line 7374
[13-May-2026 12:01:33 UTC] PHP Deprecated:  str_replace(): Passing null to parameter #3 ($subject) of type array|string is deprecated in C:\xampp\htdocs\AnimeShop\wp-includes\functions.php on line 2196
[13-May-2026 12:01:35 UTC] PHP Deprecated:  strpos(): Passing null to parameter #1 ($haystack) of type string is deprecated in C:\xampp\htdocs\AnimeShop\wp-includes\functions.php on line 7374
[13-May-2026 12:01:35 UTC] PHP Deprecated:  str_replace(): Passing null to parameter #3 ($subject) of type array|string is deprecated in C:\xampp\htdocs\AnimeShop\wp-includes\functions.php on line 2196
[13-May-2026 12:01:36 UTC] PHP Deprecated:  strpos(): Passing null to parameter #1 ($haystack) of type string is deprecated in C:\xampp\htdocs\AnimeShop\wp-includes\functions.php on line 7374
[13-May-2026 12:01:36 UTC] PHP Deprecated:  str_replace(): Passing null to parameter #3 ($subject) of type array|string is deprecated in C:\xampp\htdocs\AnimeShop\wp-includes\functions.php on line 2196
[13-May-2026 12:01:37 UTC] PHP Deprecated:  strpos(): Passing null to parameter #1 ($haystack) of type string is deprecated in C:\xampp\htdocs\AnimeShop\wp-includes\functions.php on line 7374
[13-May-2026 12:01:37 UTC] PHP Deprecated:  str_replace(): Passing null to parameter #3 ($subject) of type array|string is deprecated in C:\xampp\htdocs\AnimeShop\wp-includes\functions.php on line 2196
[13-May-2026 12:01:38 UTC] PHP Deprecated:  strpos(): Passing null to parameter #1 ($haystack) of type string is deprecated in C:\xampp\htdocs\AnimeShop\wp-includes\functions.php on line 7374
[13-May-2026 12:01:38 UTC] PHP Deprecated:  str_replace(): Passing null to parameter #3 ($subject) of type array|string is deprecated in C:\xampp\htdocs\AnimeShop\wp-includes\functions.php on line 2196
[13-May-2026 12:01:39 UTC] PHP Deprecated:  strpos(): Passing null to parameter #1 ($haystack) of type string is deprecated in C:\xampp\htdocs\AnimeShop\wp-includes\functions.php on line 7374
[13-May-2026 12:01:39 UTC] PHP Deprecated:  str_replace(): Passing null to parameter #3 ($subject) of type array|string is deprecated in C:\xampp\htdocs\AnimeShop\wp-includes\functions.php on line 2196
[13-May-2026 12:01:41 UTC] PHP Deprecated:  strpos(): Passing null to parameter #1 ($haystack) of type string is deprecated in C:\xampp\htdocs\AnimeShop\wp-includes\functions.php on line 7374
[13-May-2026 12:01:41 UTC] PHP Deprecated:  str_replace(): Passing null to parameter #3 ($subject) of type array|string is deprecated in C:\xampp\htdocs\AnimeShop\wp-includes\functions.php on line 2196
[13-May-2026 12:01:42 UTC] PHP Deprecated:  strpos(): Passing null to parameter #1 ($haystack) of type string is deprecated in C:\xampp\htdocs\AnimeShop\wp-includes\functions.php on line 7374
[13-May-2026 12:01:42 UTC] PHP Deprecated:  str_replace(): Passing null to parameter #3 ($subject) of type array|string is deprecated in C:\xampp\htdocs\AnimeShop\wp-includes\functions.php on line 2196
[13-May-2026 12:01:43 UTC] PHP Deprecated:  strpos(): Passing null to parameter #1 ($haystack) of type string is deprecated in C:\xampp\htdocs\AnimeShop\wp-includes\functions.php on line 7374
[13-May-2026 12:01:43 UTC] PHP Deprecated:  str_replace(): Passing null to parameter #3 ($subject) of type array|string is deprecated in C:\xampp\htdocs\AnimeShop\wp-includes\functions.php on line 2196
[13-May-2026 12:01:44 UTC] PHP Deprecated:  strpos(): Passing null to parameter #1 ($haystack) of type string is deprecated in C:\xampp\htdocs\AnimeShop\wp-includes\functions.php on line 7374
[13-May-2026 12:01:44 UTC] PHP Deprecated:  str_replace(): Passing null to parameter #3 ($subject) of type array|string is deprecated in C:\xampp\htdocs\AnimeShop\wp-includes\functions.php on line 2196
[13-May-2026 12:01:45 UTC] PHP Deprecated:  strpos(): Passing null to parameter #1 ($haystack) of type string is deprecated in C:\xampp\htdocs\AnimeShop\wp-includes\functions.php on line 7374
[13-May-2026 12:01:45 UTC] PHP Deprecated:  str_replace(): Passing null to parameter #3 ($subject) of type array|string is deprecated in C:\xampp\htdocs\AnimeShop\wp-includes\functions.php on line 2196
[13-May-2026 12:01:46 UTC] PHP Deprecated:  strpos(): Passing null to parameter #1 ($haystack) of type string is deprecated in C:\xampp\htdocs\AnimeShop\wp-includes\functions.php on line 7374
[13-May-2026 12:01:46 UTC] PHP Deprecated:  str_replace(): Passing null to parameter #3 ($subject) of type array|string is deprecated in C:\xampp\htdocs\AnimeShop\wp-includes\functions.php on line 2196
[13-May-2026 12:01:47 UTC] PHP Deprecated:  strpos(): Passing null to parameter #1 ($haystack) of type string is deprecated in C:\xampp\htdocs\AnimeShop\wp-includes\functions.php on line 7374
[13-May-2026 12:01:47 UTC] PHP Deprecated:  str_replace(): Passing null to parameter #3 ($subject) of type array|string is deprecated in C:\xampp\htdocs\AnimeShop\wp-includes\functions.php on line 2196
[13-May-2026 12:01:48 UTC] PHP Deprecated:  strpos(): Passing null to parameter #1 ($haystack) of type string is deprecated in C:\xampp\htdocs\AnimeShop\wp-includes\functions.php on line 7374
[13-May-2026 12:01:48 UTC] PHP Deprecated:  str_replace(): Passing null to parameter #3 ($subject) of type array|string is deprecated in C:\xampp\htdocs\AnimeShop\wp-includes\functions.php on line 2196
[13-May-2026 12:01:49 UTC] PHP Deprecated:  strpos(): Passing null to parameter #1 ($haystack) of type string is deprecated in C:\xampp\htdocs\AnimeShop\wp-includes\functions.php on line 7374
[13-May-2026 12:01:49 UTC] PHP Deprecated:  str_replace(): Passing null to parameter #3 ($subject) of type array|string is deprecated in C:\xampp\htdocs\AnimeShop\wp-includes\functions.php on line 2196
[13-May-2026 12:01:50 UTC] PHP Deprecated:  strpos(): Passing null to parameter #1 ($haystack) of type string is deprecated in C:\xampp\htdocs\AnimeShop\wp-includes\functions.php on line 7374
[13-May-2026 12:01:50 UTC] PHP Deprecated:  str_replace(): Passing null to parameter #3 ($subject) of type array|string is deprecated in C:\xampp\htdocs\AnimeShop\wp-includes\functions.php on line 2196
[13-May-2026 12:01:52 UTC] PHP Deprecated:  strpos(): Passing null to parameter #1 ($haystack) of type string is deprecated in C:\xampp\htdocs\AnimeShop\wp-includes\functions.php on line 7374
[13-May-2026 12:01:52 UTC] PHP Deprecated:  str_replace(): Passing null to parameter #3 ($subject) of type array|string is deprecated in C:\xampp\htdocs\AnimeShop\wp-includes\functions.php on line 2196
[13-May-2026 12:01:53 UTC] PHP Deprecated:  strpos(): Passing null to parameter #1 ($haystack) of type string is deprecated in C:\xampp\htdocs\AnimeShop\wp-includes\functions.php on line 7374
[13-May-2026 12:01:53 UTC] PHP Deprecated:  str_replace(): Passing null to parameter #3 ($subject) of type array|string is deprecated in C:\xampp\htdocs\AnimeShop\wp-includes\functions.php on line 2196
[13-May-2026 12:01:54 UTC] PHP Deprecated:  strpos(): Passing null to parameter #1 ($haystack) of type string is deprecated in C:\xampp\htdocs\AnimeShop\wp-includes\functions.php on line 7374
[13-May-2026 12:01:54 UTC] PHP Deprecated:  str_replace(): Passing null to parameter #3 ($subject) of type array|string is deprecated in C:\xampp\htdocs\AnimeShop\wp-includes\functions.php on line 2196
[13-May-2026 12:01:55 UTC] PHP Deprecated:  strpos(): Passing null to parameter #1 ($haystack) of type string is deprecated in C:\xampp\htdocs\AnimeShop\wp-includes\functions.php on line 7374
[13-May-2026 12:01:55 UTC] PHP Deprecated:  str_replace(): Passing null to parameter #3 ($subject) of type array|string is deprecated in C:\xampp\htdocs\AnimeShop\wp-includes\functions.php on line 2196
[13-May-2026 12:01:56 UTC] PHP Deprecated:  strpos(): Passing null to parameter #1 ($haystack) of type string is deprecated in C:\xampp\htdocs\AnimeShop\wp-includes\functions.php on line 7374
[13-May-2026 12:01:56 UTC] PHP Deprecated:  str_replace(): Passing null to parameter #3 ($subject) of type array|string is deprecated in C:\xampp\htdocs\AnimeShop\wp-includes\functions.php on line 2196
[13-May-2026 12:01:58 UTC] PHP Deprecated:  strpos(): Passing null to parameter #1 ($haystack) of type string is deprecated in C:\xampp\htdocs\AnimeShop\wp-includes\functions.php on line 7374
[13-May-2026 12:01:58 UTC] PHP Deprecated:  str_replace(): Passing null to parameter #3 ($subject) of type array|string is deprecated in C:\xampp\htdocs\AnimeShop\wp-includes\functions.php on line 2196
[13-May-2026 12:01:59 UTC] PHP Deprecated:  strpos(): Passing null to parameter #1 ($haystack) of type string is deprecated in C:\xampp\htdocs\AnimeShop\wp-includes\functions.php on line 7374
[13-May-2026 12:01:59 UTC] PHP Deprecated:  str_replace(): Passing null to parameter #3 ($subject) of type array|string is deprecated in C:\xampp\htdocs\AnimeShop\wp-includes\functions.php on line 2196
[13-May-2026 12:02:00 UTC] PHP Deprecated:  strpos(): Passing null to parameter #1 ($haystack) of type string is deprecated in C:\xampp\htdocs\AnimeShop\wp-includes\functions.php on line 7374
[13-May-2026 12:02:00 UTC] PHP Deprecated:  str_replace(): Passing null to parameter #3 ($subject) of type array|string is deprecated in C:\xampp\htdocs\AnimeShop\wp-includes\functions.php on line 2196
[13-May-2026 12:02:01 UTC] PHP Deprecated:  strpos(): Passing null to parameter #1 ($haystack) of type string is deprecated in C:\xampp\htdocs\AnimeShop\wp-includes\functions.php on line 7374
[13-May-2026 12:02:01 UTC] PHP Deprecated:  str_replace(): Passing null to parameter #3 ($subject) of type array|string is deprecated in C:\xampp\htdocs\AnimeShop\wp-includes\functions.php on line 2196
[13-May-2026 12:02:02 UTC] PHP Deprecated:  strpos(): Passing null to parameter #1 ($haystack) of type string is deprecated in C:\xampp\htdocs\AnimeShop\wp-includes\functions.php on line 7374
[13-May-2026 12:02:02 UTC] PHP Deprecated:  str_replace(): Passing null to parameter #3 ($subject) of type array|string is deprecated in C:\xampp\htdocs\AnimeShop\wp-includes\functions.php on line 2196
[13-May-2026 12:02:03 UTC] PHP Deprecated:  strpos(): Passing null to parameter #1 ($haystack) of type string is deprecated in C:\xampp\htdocs\AnimeShop\wp-includes\functions.php on line 7374
[13-May-2026 12:02:03 UTC] PHP Deprecated:  str_replace(): Passing null to parameter #3 ($subject) of type array|string is deprecated in C:\xampp\htdocs\AnimeShop\wp-includes\functions.php on line 2196
[13-May-2026 12:02:04 UTC] PHP Deprecated:  strpos(): Passing null to parameter #1 ($haystack) of type string is deprecated in C:\xampp\htdocs\AnimeShop\wp-includes\functions.php on line 7374
[13-May-2026 12:02:04 UTC] PHP Deprecated:  str_replace(): Passing null to parameter #3 ($subject) of type array|string is deprecated in C:\xampp\htdocs\AnimeShop\wp-includes\functions.php on line 2196
[13-May-2026 12:02:05 UTC] PHP Deprecated:  strpos(): Passing null to parameter #1 ($haystack) of type string is deprecated in C:\xampp\htdocs\AnimeShop\wp-includes\functions.php on line 7374
[13-May-2026 12:02:05 UTC] PHP Deprecated:  str_replace(): Passing null to parameter #3 ($subject) of type array|string is deprecated in C:\xampp\htdocs\AnimeShop\wp-includes\functions.php on line 2196
[13-May-2026 12:02:06 UTC] PHP Deprecated:  strpos(): Passing null to parameter #1 ($haystack) of type string is deprecated in C:\xampp\htdocs\AnimeShop\wp-includes\functions.php on line 7374
[13-May-2026 12:02:06 UTC] PHP Deprecated:  str_replace(): Passing null to parameter #3 ($subject) of type array|string is deprecated in C:\xampp\htdocs\AnimeShop\wp-includes\functions.php on line 2196
[13-May-2026 12:02:08 UTC] PHP Deprecated:  strpos(): Passing null to parameter #1 ($haystack) of type string is deprecated in C:\xampp\htdocs\AnimeShop\wp-includes\functions.php on line 7374
[13-May-2026 12:02:08 UTC] PHP Deprecated:  str_replace(): Passing null to parameter #3 ($subject) of type array|string is deprecated in C:\xampp\htdocs\AnimeShop\wp-includes\functions.php on line 2196
[13-May-2026 12:02:09 UTC] PHP Deprecated:  strpos(): Passing null to parameter #1 ($haystack) of type string is deprecated in C:\xampp\htdocs\AnimeShop\wp-includes\functions.php on line 7374
[13-May-2026 12:02:09 UTC] PHP Deprecated:  str_replace(): Passing null to parameter #3 ($subject) of type array|string is deprecated in C:\xampp\htdocs\AnimeShop\wp-includes\functions.php on line 2196
[13-May-2026 12:02:10 UTC] PHP Deprecated:  strpos(): Passing null to parameter #1 ($haystack) of type string is deprecated in C:\xampp\htdocs\AnimeShop\wp-includes\functions.php on line 7374
[13-May-2026 12:02:10 UTC] PHP Deprecated:  str_replace(): Passing null to parameter #3 ($subject) of type array|string is deprecated in C:\xampp\htdocs\AnimeShop\wp-includes\functions.php on line 2196
[13-May-2026 12:02:11 UTC] PHP Deprecated:  strpos(): Passing null to parameter #1 ($haystack) of type string is deprecated in C:\xampp\htdocs\AnimeShop\wp-includes\functions.php on line 7374
[13-May-2026 12:02:11 UTC] PHP Deprecated:  str_replace(): Passing null to parameter #3 ($subject) of type array|string is deprecated in C:\xampp\htdocs\AnimeShop\wp-includes\functions.php on line 2196
[13-May-2026 12:02:13 UTC] PHP Deprecated:  strpos(): Passing null to parameter #1 ($haystack) of type string is deprecated in C:\xampp\htdocs\AnimeShop\wp-includes\functions.php on line 7374
[13-May-2026 12:02:13 UTC] PHP Deprecated:  str_replace(): Passing null to parameter #3 ($subject) of type array|string is deprecated in C:\xampp\htdocs\AnimeShop\wp-includes\functions.php on line 2196
[13-May-2026 12:02:14 UTC] PHP Deprecated:  strpos(): Passing null to parameter #1 ($haystack) of type string is deprecated in C:\xampp\htdocs\AnimeShop\wp-includes\functions.php on line 7374
[13-May-2026 12:02:14 UTC] PHP Deprecated:  str_replace(): Passing null to parameter #3 ($subject) of type array|string is deprecated in C:\xampp\htdocs\AnimeShop\wp-includes\functions.php on line 2196
[13-May-2026 12:02:15 UTC] PHP Deprecated:  strpos(): Passing null to parameter #1 ($haystack) of type string is deprecated in C:\xampp\htdocs\AnimeShop\wp-includes\functions.php on line 7374
[13-May-2026 12:02:15 UTC] PHP Deprecated:  str_replace(): Passing null to parameter #3 ($subject) of type array|string is deprecated in C:\xampp\htdocs\AnimeShop\wp-includes\functions.php on line 2196
[13-May-2026 12:02:16 UTC] PHP Deprecated:  strpos(): Passing null to parameter #1 ($haystack) of type string is deprecated in C:\xampp\htdocs\AnimeShop\wp-includes\functions.php on line 7374
[13-May-2026 12:02:16 UTC] PHP Deprecated:  str_replace(): Passing null to parameter #3 ($subject) of type array|string is deprecated in C:\xampp\htdocs\AnimeShop\wp-includes\functions.php on line 2196
[13-May-2026 12:02:17 UTC] PHP Deprecated:  strpos(): Passing null to parameter #1 ($haystack) of type string is deprecated in C:\xampp\htdocs\AnimeShop\wp-includes\functions.php on line 7374
[13-May-2026 12:02:17 UTC] PHP Deprecated:  str_replace(): Passing null to parameter #3 ($subject) of type array|string is deprecated in C:\xampp\htdocs\AnimeShop\wp-includes\functions.php on line 2196
[13-May-2026 12:02:18 UTC] PHP Deprecated:  strpos(): Passing null to parameter #1 ($haystack) of type string is deprecated in C:\xampp\htdocs\AnimeShop\wp-includes\functions.php on line 7374
[13-May-2026 12:02:18 UTC] PHP Deprecated:  str_replace(): Passing null to parameter #3 ($subject) of type array|string is deprecated in C:\xampp\htdocs\AnimeShop\wp-includes\functions.php on line 2196
[13-May-2026 12:02:19 UTC] PHP Deprecated:  strpos(): Passing null to parameter #1 ($haystack) of type string is deprecated in C:\xampp\htdocs\AnimeShop\wp-includes\functions.php on line 7374
[13-May-2026 12:02:19 UTC] PHP Deprecated:  str_replace(): Passing null to parameter #3 ($subject) of type array|string is deprecated in C:\xampp\htdocs\AnimeShop\wp-includes\functions.php on line 2196
[13-May-2026 12:02:20 UTC] PHP Deprecated:  strpos(): Passing null to parameter #1 ($haystack) of type string is deprecated in C:\xampp\htdocs\AnimeShop\wp-includes\functions.php on line 7374
[13-May-2026 12:02:20 UTC] PHP Deprecated:  str_replace(): Passing null to parameter #3 ($subject) of type array|string is deprecated in C:\xampp\htdocs\AnimeShop\wp-includes\functions.php on line 2196
[13-May-2026 12:02:21 UTC] PHP Deprecated:  strpos(): Passing null to parameter #1 ($haystack) of type string is deprecated in C:\xampp\htdocs\AnimeShop\wp-includes\functions.php on line 7374
[13-May-2026 12:02:21 UTC] PHP Deprecated:  str_replace(): Passing null to parameter #3 ($subject) of type array|string is deprecated in C:\xampp\htdocs\AnimeShop\wp-includes\functions.php on line 2196
[13-May-2026 12:02:22 UTC] PHP Deprecated:  strpos(): Passing null to parameter #1 ($haystack) of type string is deprecated in C:\xampp\htdocs\AnimeShop\wp-includes\functions.php on line 7374
[13-May-2026 12:02:22 UTC] PHP Deprecated:  str_replace(): Passing null to parameter #3 ($subject) of type array|string is deprecated in C:\xampp\htdocs\AnimeShop\wp-includes\functions.php on line 2196
[13-May-2026 12:02:24 UTC] PHP Deprecated:  strpos(): Passing null to parameter #1 ($haystack) of type string is deprecated in C:\xampp\htdocs\AnimeShop\wp-includes\functions.php on line 7374
[13-May-2026 12:02:24 UTC] PHP Deprecated:  str_replace(): Passing null to parameter #3 ($subject) of type array|string is deprecated in C:\xampp\htdocs\AnimeShop\wp-includes\functions.php on line 2196
[13-May-2026 12:02:25 UTC] PHP Deprecated:  strpos(): Passing null to parameter #1 ($haystack) of type string is deprecated in C:\xampp\htdocs\AnimeShop\wp-includes\functions.php on line 7374
[13-May-2026 12:02:25 UTC] PHP Deprecated:  str_replace(): Passing null to parameter #3 ($subject) of type array|string is deprecated in C:\xampp\htdocs\AnimeShop\wp-includes\functions.php on line 2196
[13-May-2026 12:02:26 UTC] PHP Deprecated:  strpos(): Passing null to parameter #1 ($haystack) of type string is deprecated in C:\xampp\htdocs\AnimeShop\wp-includes\functions.php on line 7374
[13-May-2026 12:02:26 UTC] PHP Deprecated:  str_replace(): Passing null to parameter #3 ($subject) of type array|string is deprecated in C:\xampp\htdocs\AnimeShop\wp-includes\functions.php on line 2196
[13-May-2026 12:02:27 UTC] PHP Deprecated:  strpos(): Passing null to parameter #1 ($haystack) of type string is deprecated in C:\xampp\htdocs\AnimeShop\wp-includes\functions.php on line 7374
[13-May-2026 12:02:27 UTC] PHP Deprecated:  str_replace(): Passing null to parameter #3 ($subject) of type array|string is deprecated in C:\xampp\htdocs\AnimeShop\wp-includes\functions.php on line 2196
[13-May-2026 12:02:28 UTC] PHP Deprecated:  strpos(): Passing null to parameter #1 ($haystack) of type string is deprecated in C:\xampp\htdocs\AnimeShop\wp-includes\functions.php on line 7374
[13-May-2026 12:02:28 UTC] PHP Deprecated:  str_replace(): Passing null to parameter #3 ($subject) of type array|string is deprecated in C:\xampp\htdocs\AnimeShop\wp-includes\functions.php on line 2196
[13-May-2026 12:02:29 UTC] PHP Deprecated:  strpos(): Passing null to parameter #1 ($haystack) of type string is deprecated in C:\xampp\htdocs\AnimeShop\wp-includes\functions.php on line 7374
[13-May-2026 12:02:29 UTC] PHP Deprecated:  str_replace(): Passing null to parameter #3 ($subject) of type array|string is deprecated in C:\xampp\htdocs\AnimeShop\wp-includes\functions.php on line 2196
[13-May-2026 12:03:39 UTC] PHP Deprecated:  strpos(): Passing null to parameter #1 ($haystack) of type string is deprecated in C:\xampp\htdocs\AnimeShop\wp-includes\functions.php on line 7374
[13-May-2026 12:03:39 UTC] PHP Deprecated:  str_replace(): Passing null to parameter #3 ($subject) of type array|string is deprecated in C:\xampp\htdocs\AnimeShop\wp-includes\functions.php on line 2196
[13-May-2026 12:03:41 UTC] PHP Deprecated:  strpos(): Passing null to parameter #1 ($haystack) of type string is deprecated in C:\xampp\htdocs\AnimeShop\wp-includes\functions.php on line 7374
[13-May-2026 12:03:41 UTC] PHP Deprecated:  str_replace(): Passing null to parameter #3 ($subject) of type array|string is deprecated in C:\xampp\htdocs\AnimeShop\wp-includes\functions.php on line 2196
[13-May-2026 12:03:51 UTC] PHP Deprecated:  strpos(): Passing null to parameter #1 ($haystack) of type string is deprecated in C:\xampp\htdocs\AnimeShop\wp-includes\functions.php on line 7374
[13-May-2026 12:03:51 UTC] PHP Deprecated:  str_replace(): Passing null to parameter #3 ($subject) of type array|string is deprecated in C:\xampp\htdocs\AnimeShop\wp-includes\functions.php on line 2196
[13-May-2026 12:03:52 UTC] PHP Deprecated:  strpos(): Passing null to parameter #1 ($haystack) of type string is deprecated in C:\xampp\htdocs\AnimeShop\wp-includes\functions.php on line 7374
[13-May-2026 12:03:52 UTC] PHP Deprecated:  str_replace(): Passing null to parameter #3 ($subject) of type array|string is deprecated in C:\xampp\htdocs\AnimeShop\wp-includes\functions.php on line 2196
[13-May-2026 12:03:57 UTC] PHP Deprecated:  strpos(): Passing null to parameter #1 ($haystack) of type string is deprecated in C:\xampp\htdocs\AnimeShop\wp-includes\functions.php on line 7374
[13-May-2026 12:03:57 UTC] PHP Deprecated:  str_replace(): Passing null to parameter #3 ($subject) of type array|string is deprecated in C:\xampp\htdocs\AnimeShop\wp-includes\functions.php on line 2196
[13-May-2026 12:03:58 UTC] PHP Deprecated:  strpos(): Passing null to parameter #1 ($haystack) of type string is deprecated in C:\xampp\htdocs\AnimeShop\wp-includes\functions.php on line 7374
[13-May-2026 12:03:58 UTC] PHP Deprecated:  str_replace(): Passing null to parameter #3 ($subject) of type array|string is deprecated in C:\xampp\htdocs\AnimeShop\wp-includes\functions.php on line 2196
[13-May-2026 12:04:02 UTC] PHP Deprecated:  strpos(): Passing null to parameter #1 ($haystack) of type string is deprecated in C:\xampp\htdocs\AnimeShop\wp-includes\functions.php on line 7374
[13-May-2026 12:04:02 UTC] PHP Deprecated:  str_replace(): Passing null to parameter #3 ($subject) of type array|string is deprecated in C:\xampp\htdocs\AnimeShop\wp-includes\functions.php on line 2196
[13-May-2026 12:04:07 UTC] PHP Deprecated:  strpos(): Passing null to parameter #1 ($haystack) of type string is deprecated in C:\xampp\htdocs\AnimeShop\wp-includes\functions.php on line 7374
[13-May-2026 12:04:07 UTC] PHP Deprecated:  str_replace(): Passing null to parameter #3 ($subject) of type array|string is deprecated in C:\xampp\htdocs\AnimeShop\wp-includes\functions.php on line 2196
[13-May-2026 12:04:10 UTC] PHP Deprecated:  strpos(): Passing null to parameter #1 ($haystack) of type string is deprecated in C:\xampp\htdocs\AnimeShop\wp-includes\functions.php on line 7374
[13-May-2026 12:04:10 UTC] PHP Deprecated:  str_replace(): Passing null to parameter #3 ($subject) of type array|string is deprecated in C:\xampp\htdocs\AnimeShop\wp-includes\functions.php on line 2196
[13-May-2026 12:04:55 UTC] PHP Deprecated:  strpos(): Passing null to parameter #1 ($haystack) of type string is deprecated in C:\xampp\htdocs\AnimeShop\wp-includes\functions.php on line 7374
[13-May-2026 12:04:55 UTC] PHP Deprecated:  str_replace(): Passing null to parameter #3 ($subject) of type array|string is deprecated in C:\xampp\htdocs\AnimeShop\wp-includes\functions.php on line 2196
[13-May-2026 12:04:57 UTC] PHP Deprecated:  strpos(): Passing null to parameter #1 ($haystack) of type string is deprecated in C:\xampp\htdocs\AnimeShop\wp-includes\functions.php on line 7374
[13-May-2026 12:04:57 UTC] PHP Deprecated:  str_replace(): Passing null to parameter #3 ($subject) of type array|string is deprecated in C:\xampp\htdocs\AnimeShop\wp-includes\functions.php on line 2196
[13-May-2026 12:05:02 UTC] PHP Deprecated:  strpos(): Passing null to parameter #1 ($haystack) of type string is deprecated in C:\xampp\htdocs\AnimeShop\wp-includes\functions.php on line 7374
[13-May-2026 12:05:02 UTC] PHP Deprecated:  str_replace(): Passing null to parameter #3 ($subject) of type array|string is deprecated in C:\xampp\htdocs\AnimeShop\wp-includes\functions.php on line 2196
[13-May-2026 12:05:03 UTC] PHP Deprecated:  strpos(): Passing null to parameter #1 ($haystack) of type string is deprecated in C:\xampp\htdocs\AnimeShop\wp-includes\functions.php on line 7374
[13-May-2026 12:05:03 UTC] PHP Deprecated:  str_replace(): Passing null to parameter #3 ($subject) of type array|string is deprecated in C:\xampp\htdocs\AnimeShop\wp-includes\functions.php on line 2196
[13-May-2026 12:05:04 UTC] PHP Deprecated:  strpos(): Passing null to parameter #1 ($haystack) of type string is deprecated in C:\xampp\htdocs\AnimeShop\wp-includes\functions.php on line 7374
[13-May-2026 12:05:04 UTC] PHP Deprecated:  str_replace(): Passing null to parameter #3 ($subject) of type array|string is deprecated in C:\xampp\htdocs\AnimeShop\wp-includes\functions.php on line 2196
[13-May-2026 12:05:09 UTC] PHP Deprecated:  strpos(): Passing null to parameter #1 ($haystack) of type string is deprecated in C:\xampp\htdocs\AnimeShop\wp-includes\functions.php on line 7374
[13-May-2026 12:05:09 UTC] PHP Deprecated:  str_replace(): Passing null to parameter #3 ($subject) of type array|string is deprecated in C:\xampp\htdocs\AnimeShop\wp-includes\functions.php on line 2196
[13-May-2026 12:05:50 UTC] PHP Deprecated:  strpos(): Passing null to parameter #1 ($haystack) of type string is deprecated in C:\xampp\htdocs\AnimeShop\wp-includes\functions.php on line 7374
[13-May-2026 12:05:50 UTC] PHP Deprecated:  str_replace(): Passing null to parameter #3 ($subject) of type array|string is deprecated in C:\xampp\htdocs\AnimeShop\wp-includes\functions.php on line 2196
[13-May-2026 12:05:51 UTC] PHP Deprecated:  strpos(): Passing null to parameter #1 ($haystack) of type string is deprecated in C:\xampp\htdocs\AnimeShop\wp-includes\functions.php on line 7374
[13-May-2026 12:05:51 UTC] PHP Deprecated:  str_replace(): Passing null to parameter #3 ($subject) of type array|string is deprecated in C:\xampp\htdocs\AnimeShop\wp-includes\functions.php on line 2196
[13-May-2026 12:05:55 UTC] PHP Deprecated:  strpos(): Passing null to parameter #1 ($haystack) of type string is deprecated in C:\xampp\htdocs\AnimeShop\wp-includes\functions.php on line 7374
[13-May-2026 12:05:55 UTC] PHP Deprecated:  str_replace(): Passing null to parameter #3 ($subject) of type array|string is deprecated in C:\xampp\htdocs\AnimeShop\wp-includes\functions.php on line 2196
[13-May-2026 12:05:56 UTC] PHP Deprecated:  strpos(): Passing null to parameter #1 ($haystack) of type string is deprecated in C:\xampp\htdocs\AnimeShop\wp-includes\functions.php on line 7374
[13-May-2026 12:05:56 UTC] PHP Deprecated:  str_replace(): Passing null to parameter #3 ($subject) of type array|string is deprecated in C:\xampp\htdocs\AnimeShop\wp-includes\functions.php on line 2196
[13-May-2026 12:05:59 UTC] PHP Deprecated:  strpos(): Passing null to parameter #1 ($haystack) of type string is deprecated in C:\xampp\htdocs\AnimeShop\wp-includes\functions.php on line 7374
[13-May-2026 12:05:59 UTC] PHP Deprecated:  str_replace(): Passing null to parameter #3 ($subject) of type array|string is deprecated in C:\xampp\htdocs\AnimeShop\wp-includes\functions.php on line 2196
[13-May-2026 12:06:41 UTC] PHP Deprecated:  strpos(): Passing null to parameter #1 ($haystack) of type string is deprecated in C:\xampp\htdocs\AnimeShop\wp-includes\functions.php on line 7374
[13-May-2026 12:06:41 UTC] PHP Deprecated:  str_replace(): Passing null to parameter #3 ($subject) of type array|string is deprecated in C:\xampp\htdocs\AnimeShop\wp-includes\functions.php on line 2196
[13-May-2026 12:06:42 UTC] PHP Deprecated:  strpos(): Passing null to parameter #1 ($haystack) of type string is deprecated in C:\xampp\htdocs\AnimeShop\wp-includes\functions.php on line 7374
[13-May-2026 12:06:42 UTC] PHP Deprecated:  str_replace(): Passing null to parameter #3 ($subject) of type array|string is deprecated in C:\xampp\htdocs\AnimeShop\wp-includes\functions.php on line 2196
[13-May-2026 12:06:45 UTC] PHP Deprecated:  strpos(): Passing null to parameter #1 ($haystack) of type string is deprecated in C:\xampp\htdocs\AnimeShop\wp-includes\functions.php on line 7374
[13-May-2026 12:06:45 UTC] PHP Deprecated:  str_replace(): Passing null to parameter #3 ($subject) of type array|string is deprecated in C:\xampp\htdocs\AnimeShop\wp-includes\functions.php on line 2196
[13-May-2026 12:06:45 UTC] PHP Deprecated:  strpos(): Passing null to parameter #1 ($haystack) of type string is deprecated in C:\xampp\htdocs\AnimeShop\wp-includes\functions.php on line 7374
[13-May-2026 12:06:45 UTC] PHP Deprecated:  str_replace(): Passing null to parameter #3 ($subject) of type array|string is deprecated in C:\xampp\htdocs\AnimeShop\wp-includes\functions.php on line 2196
[13-May-2026 12:06:48 UTC] PHP Deprecated:  strpos(): Passing null to parameter #1 ($haystack) of type string is deprecated in C:\xampp\htdocs\AnimeShop\wp-includes\functions.php on line 7374
[13-May-2026 12:06:48 UTC] PHP Deprecated:  str_replace(): Passing null to parameter #3 ($subject) of type array|string is deprecated in C:\xampp\htdocs\AnimeShop\wp-includes\functions.php on line 2196
[13-May-2026 12:07:40 UTC] PHP Deprecated:  strpos(): Passing null to parameter #1 ($haystack) of type string is deprecated in C:\xampp\htdocs\AnimeShop\wp-includes\functions.php on line 7374
[13-May-2026 12:07:40 UTC] PHP Deprecated:  str_replace(): Passing null to parameter #3 ($subject) of type array|string is deprecated in C:\xampp\htdocs\AnimeShop\wp-includes\functions.php on line 2196
[13-May-2026 12:07:41 UTC] PHP Deprecated:  strpos(): Passing null to parameter #1 ($haystack) of type string is deprecated in C:\xampp\htdocs\AnimeShop\wp-includes\functions.php on line 7374
[13-May-2026 12:07:41 UTC] PHP Deprecated:  str_replace(): Passing null to parameter #3 ($subject) of type array|string is deprecated in C:\xampp\htdocs\AnimeShop\wp-includes\functions.php on line 2196
[13-May-2026 12:07:44 UTC] PHP Deprecated:  strpos(): Passing null to parameter #1 ($haystack) of type string is deprecated in C:\xampp\htdocs\AnimeShop\wp-includes\functions.php on line 7374
[13-May-2026 12:07:44 UTC] PHP Deprecated:  str_replace(): Passing null to parameter #3 ($subject) of type array|string is deprecated in C:\xampp\htdocs\AnimeShop\wp-includes\functions.php on line 2196
[13-May-2026 12:07:44 UTC] PHP Deprecated:  strpos(): Passing null to parameter #1 ($haystack) of type string is deprecated in C:\xampp\htdocs\AnimeShop\wp-includes\functions.php on line 7374
[13-May-2026 12:07:44 UTC] PHP Deprecated:  str_replace(): Passing null to parameter #3 ($subject) of type array|string is deprecated in C:\xampp\htdocs\AnimeShop\wp-includes\functions.php on line 2196
[13-May-2026 12:07:47 UTC] PHP Deprecated:  strpos(): Passing null to parameter #1 ($haystack) of type string is deprecated in C:\xampp\htdocs\AnimeShop\wp-includes\functions.php on line 7374
[13-May-2026 12:07:47 UTC] PHP Deprecated:  str_replace(): Passing null to parameter #3 ($subject) of type array|string is deprecated in C:\xampp\htdocs\AnimeShop\wp-includes\functions.php on line 2196
[13-May-2026 12:08:20 UTC] PHP Deprecated:  strpos(): Passing null to parameter #1 ($haystack) of type string is deprecated in C:\xampp\htdocs\AnimeShop\wp-includes\functions.php on line 7374
[13-May-2026 12:08:20 UTC] PHP Deprecated:  str_replace(): Passing null to parameter #3 ($subject) of type array|string is deprecated in C:\xampp\htdocs\AnimeShop\wp-includes\functions.php on line 2196
[13-May-2026 12:08:22 UTC] PHP Deprecated:  strpos(): Passing null to parameter #1 ($haystack) of type string is deprecated in C:\xampp\htdocs\AnimeShop\wp-includes\functions.php on line 7374
[13-May-2026 12:08:22 UTC] PHP Deprecated:  str_replace(): Passing null to parameter #3 ($subject) of type array|string is deprecated in C:\xampp\htdocs\AnimeShop\wp-includes\functions.php on line 2196
[13-May-2026 12:08:24 UTC] PHP Deprecated:  strpos(): Passing null to parameter #1 ($haystack) of type string is deprecated in C:\xampp\htdocs\AnimeShop\wp-includes\functions.php on line 7374
[13-May-2026 12:08:24 UTC] PHP Deprecated:  str_replace(): Passing null to parameter #3 ($subject) of type array|string is deprecated in C:\xampp\htdocs\AnimeShop\wp-includes\functions.php on line 2196
[13-May-2026 12:08:25 UTC] PHP Deprecated:  strpos(): Passing null to parameter #1 ($haystack) of type string is deprecated in C:\xampp\htdocs\AnimeShop\wp-includes\functions.php on line 7374
[13-May-2026 12:08:25 UTC] PHP Deprecated:  str_replace(): Passing null to parameter #3 ($subject) of type array|string is deprecated in C:\xampp\htdocs\AnimeShop\wp-includes\functions.php on line 2196
[13-May-2026 12:08:28 UTC] PHP Deprecated:  strpos(): Passing null to parameter #1 ($haystack) of type string is deprecated in C:\xampp\htdocs\AnimeShop\wp-includes\functions.php on line 7374
[13-May-2026 12:08:28 UTC] PHP Deprecated:  str_replace(): Passing null to parameter #3 ($subject) of type array|string is deprecated in C:\xampp\htdocs\AnimeShop\wp-includes\functions.php on line 2196
[13-May-2026 12:09:03 UTC] PHP Deprecated:  strpos(): Passing null to parameter #1 ($haystack) of type string is deprecated in C:\xampp\htdocs\AnimeShop\wp-includes\functions.php on line 7374
[13-May-2026 12:09:03 UTC] PHP Deprecated:  str_replace(): Passing null to parameter #3 ($subject) of type array|string is deprecated in C:\xampp\htdocs\AnimeShop\wp-includes\functions.php on line 2196
[13-May-2026 12:09:04 UTC] PHP Deprecated:  strpos(): Passing null to parameter #1 ($haystack) of type string is deprecated in C:\xampp\htdocs\AnimeShop\wp-includes\functions.php on line 7374
[13-May-2026 12:09:04 UTC] PHP Deprecated:  str_replace(): Passing null to parameter #3 ($subject) of type array|string is deprecated in C:\xampp\htdocs\AnimeShop\wp-includes\functions.php on line 2196
[13-May-2026 12:09:08 UTC] PHP Deprecated:  strpos(): Passing null to parameter #1 ($haystack) of type string is deprecated in C:\xampp\htdocs\AnimeShop\wp-includes\functions.php on line 7374
[13-May-2026 12:09:08 UTC] PHP Deprecated:  str_replace(): Passing null to parameter #3 ($subject) of type array|string is deprecated in C:\xampp\htdocs\AnimeShop\wp-includes\functions.php on line 2196
[13-May-2026 12:09:09 UTC] PHP Deprecated:  strpos(): Passing null to parameter #1 ($haystack) of type string is deprecated in C:\xampp\htdocs\AnimeShop\wp-includes\functions.php on line 7374
[13-May-2026 12:09:09 UTC] PHP Deprecated:  str_replace(): Passing null to parameter #3 ($subject) of type array|string is deprecated in C:\xampp\htdocs\AnimeShop\wp-includes\functions.php on line 2196
[13-May-2026 12:09:13 UTC] PHP Deprecated:  strpos(): Passing null to parameter #1 ($haystack) of type string is deprecated in C:\xampp\htdocs\AnimeShop\wp-includes\functions.php on line 7374
[13-May-2026 12:09:13 UTC] PHP Deprecated:  str_replace(): Passing null to parameter #3 ($subject) of type array|string is deprecated in C:\xampp\htdocs\AnimeShop\wp-includes\functions.php on line 2196
[13-May-2026 12:09:48 UTC] PHP Deprecated:  strpos(): Passing null to parameter #1 ($haystack) of type string is deprecated in C:\xampp\htdocs\AnimeShop\wp-includes\functions.php on line 7374
[13-May-2026 12:09:48 UTC] PHP Deprecated:  str_replace(): Passing null to parameter #3 ($subject) of type array|string is deprecated in C:\xampp\htdocs\AnimeShop\wp-includes\functions.php on line 2196
[13-May-2026 12:09:49 UTC] PHP Deprecated:  strpos(): Passing null to parameter #1 ($haystack) of type string is deprecated in C:\xampp\htdocs\AnimeShop\wp-includes\functions.php on line 7374
[13-May-2026 12:09:49 UTC] PHP Deprecated:  str_replace(): Passing null to parameter #3 ($subject) of type array|string is deprecated in C:\xampp\htdocs\AnimeShop\wp-includes\functions.php on line 2196
[13-May-2026 12:09:53 UTC] PHP Deprecated:  strpos(): Passing null to parameter #1 ($haystack) of type string is deprecated in C:\xampp\htdocs\AnimeShop\wp-includes\functions.php on line 7374
[13-May-2026 12:09:53 UTC] PHP Deprecated:  str_replace(): Passing null to parameter #3 ($subject) of type array|string is deprecated in C:\xampp\htdocs\AnimeShop\wp-includes\functions.php on line 2196
[13-May-2026 12:09:54 UTC] PHP Deprecated:  strpos(): Passing null to parameter #1 ($haystack) of type string is deprecated in C:\xampp\htdocs\AnimeShop\wp-includes\functions.php on line 7374
[13-May-2026 12:09:54 UTC] PHP Deprecated:  str_replace(): Passing null to parameter #3 ($subject) of type array|string is deprecated in C:\xampp\htdocs\AnimeShop\wp-includes\functions.php on line 2196
[13-May-2026 12:09:58 UTC] PHP Deprecated:  strpos(): Passing null to parameter #1 ($haystack) of type string is deprecated in C:\xampp\htdocs\AnimeShop\wp-includes\functions.php on line 7374
[13-May-2026 12:09:58 UTC] PHP Deprecated:  str_replace(): Passing null to parameter #3 ($subject) of type array|string is deprecated in C:\xampp\htdocs\AnimeShop\wp-includes\functions.php on line 2196
[13-May-2026 12:10:40 UTC] PHP Deprecated:  strpos(): Passing null to parameter #1 ($haystack) of type string is deprecated in C:\xampp\htdocs\AnimeShop\wp-includes\functions.php on line 7374
[13-May-2026 12:10:40 UTC] PHP Deprecated:  str_replace(): Passing null to parameter #3 ($subject) of type array|string is deprecated in C:\xampp\htdocs\AnimeShop\wp-includes\functions.php on line 2196
[13-May-2026 12:10:41 UTC] PHP Deprecated:  strpos(): Passing null to parameter #1 ($haystack) of type string is deprecated in C:\xampp\htdocs\AnimeShop\wp-includes\functions.php on line 7374
[13-May-2026 12:10:41 UTC] PHP Deprecated:  str_replace(): Passing null to parameter #3 ($subject) of type array|string is deprecated in C:\xampp\htdocs\AnimeShop\wp-includes\functions.php on line 2196
[13-May-2026 12:10:46 UTC] PHP Deprecated:  strpos(): Passing null to parameter #1 ($haystack) of type string is deprecated in C:\xampp\htdocs\AnimeShop\wp-includes\functions.php on line 7374
[13-May-2026 12:10:46 UTC] PHP Deprecated:  str_replace(): Passing null to parameter #3 ($subject) of type array|string is deprecated in C:\xampp\htdocs\AnimeShop\wp-includes\functions.php on line 2196
[13-May-2026 12:10:46 UTC] PHP Deprecated:  strpos(): Passing null to parameter #1 ($haystack) of type string is deprecated in C:\xampp\htdocs\AnimeShop\wp-includes\functions.php on line 7374
[13-May-2026 12:10:46 UTC] PHP Deprecated:  str_replace(): Passing null to parameter #3 ($subject) of type array|string is deprecated in C:\xampp\htdocs\AnimeShop\wp-includes\functions.php on line 2196
[13-May-2026 12:10:49 UTC] PHP Deprecated:  strpos(): Passing null to parameter #1 ($haystack) of type string is deprecated in C:\xampp\htdocs\AnimeShop\wp-includes\functions.php on line 7374
[13-May-2026 12:10:49 UTC] PHP Deprecated:  str_replace(): Passing null to parameter #3 ($subject) of type array|string is deprecated in C:\xampp\htdocs\AnimeShop\wp-includes\functions.php on line 2196
[13-May-2026 12:11:22 UTC] PHP Deprecated:  strpos(): Passing null to parameter #1 ($haystack) of type string is deprecated in C:\xampp\htdocs\AnimeShop\wp-includes\functions.php on line 7374
[13-May-2026 12:11:22 UTC] PHP Deprecated:  str_replace(): Passing null to parameter #3 ($subject) of type array|string is deprecated in C:\xampp\htdocs\AnimeShop\wp-includes\functions.php on line 2196
[13-May-2026 12:11:23 UTC] PHP Deprecated:  strpos(): Passing null to parameter #1 ($haystack) of type string is deprecated in C:\xampp\htdocs\AnimeShop\wp-includes\functions.php on line 7374
[13-May-2026 12:11:23 UTC] PHP Deprecated:  str_replace(): Passing null to parameter #3 ($subject) of type array|string is deprecated in C:\xampp\htdocs\AnimeShop\wp-includes\functions.php on line 2196
[13-May-2026 12:11:29 UTC] PHP Deprecated:  strpos(): Passing null to parameter #1 ($haystack) of type string is deprecated in C:\xampp\htdocs\AnimeShop\wp-includes\functions.php on line 7374
[13-May-2026 12:11:29 UTC] PHP Deprecated:  str_replace(): Passing null to parameter #3 ($subject) of type array|string is deprecated in C:\xampp\htdocs\AnimeShop\wp-includes\functions.php on line 2196
[13-May-2026 12:11:30 UTC] PHP Deprecated:  strpos(): Passing null to parameter #1 ($haystack) of type string is deprecated in C:\xampp\htdocs\AnimeShop\wp-includes\functions.php on line 7374
[13-May-2026 12:11:30 UTC] PHP Deprecated:  str_replace(): Passing null to parameter #3 ($subject) of type array|string is deprecated in C:\xampp\htdocs\AnimeShop\wp-includes\functions.php on line 2196
[13-May-2026 12:11:34 UTC] PHP Deprecated:  strpos(): Passing null to parameter #1 ($haystack) of type string is deprecated in C:\xampp\htdocs\AnimeShop\wp-includes\functions.php on line 7374
[13-May-2026 12:11:34 UTC] PHP Deprecated:  str_replace(): Passing null to parameter #3 ($subject) of type array|string is deprecated in C:\xampp\htdocs\AnimeShop\wp-includes\functions.php on line 2196
[13-May-2026 12:12:10 UTC] PHP Deprecated:  strpos(): Passing null to parameter #1 ($haystack) of type string is deprecated in C:\xampp\htdocs\AnimeShop\wp-includes\functions.php on line 7374
[13-May-2026 12:12:10 UTC] PHP Deprecated:  str_replace(): Passing null to parameter #3 ($subject) of type array|string is deprecated in C:\xampp\htdocs\AnimeShop\wp-includes\functions.php on line 2196
[13-May-2026 12:12:11 UTC] PHP Deprecated:  strpos(): Passing null to parameter #1 ($haystack) of type string is deprecated in C:\xampp\htdocs\AnimeShop\wp-includes\functions.php on line 7374
[13-May-2026 12:12:11 UTC] PHP Deprecated:  str_replace(): Passing null to parameter #3 ($subject) of type array|string is deprecated in C:\xampp\htdocs\AnimeShop\wp-includes\functions.php on line 2196
[13-May-2026 12:12:15 UTC] PHP Deprecated:  strpos(): Passing null to parameter #1 ($haystack) of type string is deprecated in C:\xampp\htdocs\AnimeShop\wp-includes\functions.php on line 7374
[13-May-2026 12:12:15 UTC] PHP Deprecated:  str_replace(): Passing null to parameter #3 ($subject) of type array|string is deprecated in C:\xampp\htdocs\AnimeShop\wp-includes\functions.php on line 2196
[13-May-2026 12:12:15 UTC] PHP Deprecated:  strpos(): Passing null to parameter #1 ($haystack) of type string is deprecated in C:\xampp\htdocs\AnimeShop\wp-includes\functions.php on line 7374
[13-May-2026 12:12:15 UTC] PHP Deprecated:  str_replace(): Passing null to parameter #3 ($subject) of type array|string is deprecated in C:\xampp\htdocs\AnimeShop\wp-includes\functions.php on line 2196
[13-May-2026 12:12:18 UTC] PHP Deprecated:  strpos(): Passing null to parameter #1 ($haystack) of type string is deprecated in C:\xampp\htdocs\AnimeShop\wp-includes\functions.php on line 7374
[13-May-2026 12:12:18 UTC] PHP Deprecated:  str_replace(): Passing null to parameter #3 ($subject) of type array|string is deprecated in C:\xampp\htdocs\AnimeShop\wp-includes\functions.php on line 2196
[13-May-2026 12:13:16 UTC] PHP Deprecated:  strpos(): Passing null to parameter #1 ($haystack) of type string is deprecated in C:\xampp\htdocs\AnimeShop\wp-includes\functions.php on line 7374
[13-May-2026 12:13:16 UTC] PHP Deprecated:  str_replace(): Passing null to parameter #3 ($subject) of type array|string is deprecated in C:\xampp\htdocs\AnimeShop\wp-includes\functions.php on line 2196
[13-May-2026 12:13:17 UTC] PHP Deprecated:  strpos(): Passing null to parameter #1 ($haystack) of type string is deprecated in C:\xampp\htdocs\AnimeShop\wp-includes\functions.php on line 7374
[13-May-2026 12:13:17 UTC] PHP Deprecated:  str_replace(): Passing null to parameter #3 ($subject) of type array|string is deprecated in C:\xampp\htdocs\AnimeShop\wp-includes\functions.php on line 2196
[13-May-2026 12:13:21 UTC] PHP Deprecated:  strpos(): Passing null to parameter #1 ($haystack) of type string is deprecated in C:\xampp\htdocs\AnimeShop\wp-includes\functions.php on line 7374
[13-May-2026 12:13:21 UTC] PHP Deprecated:  str_replace(): Passing null to parameter #3 ($subject) of type array|string is deprecated in C:\xampp\htdocs\AnimeShop\wp-includes\functions.php on line 2196
[13-May-2026 12:13:22 UTC] PHP Deprecated:  strpos(): Passing null to parameter #1 ($haystack) of type string is deprecated in C:\xampp\htdocs\AnimeShop\wp-includes\functions.php on line 7374
[13-May-2026 12:13:22 UTC] PHP Deprecated:  str_replace(): Passing null to parameter #3 ($subject) of type array|string is deprecated in C:\xampp\htdocs\AnimeShop\wp-includes\functions.php on line 2196
[13-May-2026 12:13:23 UTC] PHP Deprecated:  strpos(): Passing null to parameter #1 ($haystack) of type string is deprecated in C:\xampp\htdocs\AnimeShop\wp-includes\functions.php on line 7374
[13-May-2026 12:13:23 UTC] PHP Deprecated:  str_replace(): Passing null to parameter #3 ($subject) of type array|string is deprecated in C:\xampp\htdocs\AnimeShop\wp-includes\functions.php on line 2196
[13-May-2026 12:13:26 UTC] PHP Deprecated:  strpos(): Passing null to parameter #1 ($haystack) of type string is deprecated in C:\xampp\htdocs\AnimeShop\wp-includes\functions.php on line 7374
[13-May-2026 12:13:26 UTC] PHP Deprecated:  str_replace(): Passing null to parameter #3 ($subject) of type array|string is deprecated in C:\xampp\htdocs\AnimeShop\wp-includes\functions.php on line 2196
[13-May-2026 12:13:44 UTC] PHP Deprecated:  strpos(): Passing null to parameter #1 ($haystack) of type string is deprecated in C:\xampp\htdocs\AnimeShop\wp-includes\functions.php on line 7374
[13-May-2026 12:13:44 UTC] PHP Deprecated:  str_replace(): Passing null to parameter #3 ($subject) of type array|string is deprecated in C:\xampp\htdocs\AnimeShop\wp-includes\functions.php on line 2196
[13-May-2026 12:13:45 UTC] PHP Deprecated:  strpos(): Passing null to parameter #1 ($haystack) of type string is deprecated in C:\xampp\htdocs\AnimeShop\wp-includes\functions.php on line 7374
[13-May-2026 12:13:45 UTC] PHP Deprecated:  str_replace(): Passing null to parameter #3 ($subject) of type array|string is deprecated in C:\xampp\htdocs\AnimeShop\wp-includes\functions.php on line 2196
[13-May-2026 12:13:48 UTC] PHP Deprecated:  strpos(): Passing null to parameter #1 ($haystack) of type string is deprecated in C:\xampp\htdocs\AnimeShop\wp-includes\functions.php on line 7374
[13-May-2026 12:13:48 UTC] PHP Deprecated:  str_replace(): Passing null to parameter #3 ($subject) of type array|string is deprecated in C:\xampp\htdocs\AnimeShop\wp-includes\functions.php on line 2196
[13-May-2026 12:13:48 UTC] PHP Deprecated:  strpos(): Passing null to parameter #1 ($haystack) of type string is deprecated in C:\xampp\htdocs\AnimeShop\wp-includes\functions.php on line 7374
[13-May-2026 12:13:48 UTC] PHP Deprecated:  str_replace(): Passing null to parameter #3 ($subject) of type array|string is deprecated in C:\xampp\htdocs\AnimeShop\wp-includes\functions.php on line 2196
[13-May-2026 12:13:52 UTC] PHP Deprecated:  strpos(): Passing null to parameter #1 ($haystack) of type string is deprecated in C:\xampp\htdocs\AnimeShop\wp-includes\functions.php on line 7374
[13-May-2026 12:13:52 UTC] PHP Deprecated:  str_replace(): Passing null to parameter #3 ($subject) of type array|string is deprecated in C:\xampp\htdocs\AnimeShop\wp-includes\functions.php on line 2196
[13-May-2026 12:14:30 UTC] PHP Deprecated:  strpos(): Passing null to parameter #1 ($haystack) of type string is deprecated in C:\xampp\htdocs\AnimeShop\wp-includes\functions.php on line 7374
[13-May-2026 12:14:30 UTC] PHP Deprecated:  str_replace(): Passing null to parameter #3 ($subject) of type array|string is deprecated in C:\xampp\htdocs\AnimeShop\wp-includes\functions.php on line 2196
[13-May-2026 12:14:31 UTC] PHP Deprecated:  strpos(): Passing null to parameter #1 ($haystack) of type string is deprecated in C:\xampp\htdocs\AnimeShop\wp-includes\functions.php on line 7374
[13-May-2026 12:14:31 UTC] PHP Deprecated:  str_replace(): Passing null to parameter #3 ($subject) of type array|string is deprecated in C:\xampp\htdocs\AnimeShop\wp-includes\functions.php on line 2196
[13-May-2026 12:14:37 UTC] PHP Deprecated:  strpos(): Passing null to parameter #1 ($haystack) of type string is deprecated in C:\xampp\htdocs\AnimeShop\wp-includes\functions.php on line 7374
[13-May-2026 12:14:37 UTC] PHP Deprecated:  str_replace(): Passing null to parameter #3 ($subject) of type array|string is deprecated in C:\xampp\htdocs\AnimeShop\wp-includes\functions.php on line 2196
[13-May-2026 12:14:37 UTC] PHP Deprecated:  strpos(): Passing null to parameter #1 ($haystack) of type string is deprecated in C:\xampp\htdocs\AnimeShop\wp-includes\functions.php on line 7374
[13-May-2026 12:14:37 UTC] PHP Deprecated:  str_replace(): Passing null to parameter #3 ($subject) of type array|string is deprecated in C:\xampp\htdocs\AnimeShop\wp-includes\functions.php on line 2196
[13-May-2026 12:14:41 UTC] PHP Deprecated:  strpos(): Passing null to parameter #1 ($haystack) of type string is deprecated in C:\xampp\htdocs\AnimeShop\wp-includes\functions.php on line 7374
[13-May-2026 12:14:41 UTC] PHP Deprecated:  str_replace(): Passing null to parameter #3 ($subject) of type array|string is deprecated in C:\xampp\htdocs\AnimeShop\wp-includes\functions.php on line 2196
[13-May-2026 12:15:34 UTC] PHP Deprecated:  strpos(): Passing null to parameter #1 ($haystack) of type string is deprecated in C:\xampp\htdocs\AnimeShop\wp-includes\functions.php on line 7374
[13-May-2026 12:15:34 UTC] PHP Deprecated:  str_replace(): Passing null to parameter #3 ($subject) of type array|string is deprecated in C:\xampp\htdocs\AnimeShop\wp-includes\functions.php on line 2196
[13-May-2026 12:15:35 UTC] PHP Deprecated:  strpos(): Passing null to parameter #1 ($haystack) of type string is deprecated in C:\xampp\htdocs\AnimeShop\wp-includes\functions.php on line 7374
[13-May-2026 12:15:35 UTC] PHP Deprecated:  str_replace(): Passing null to parameter #3 ($subject) of type array|string is deprecated in C:\xampp\htdocs\AnimeShop\wp-includes\functions.php on line 2196
[13-May-2026 12:15:38 UTC] PHP Deprecated:  strpos(): Passing null to parameter #1 ($haystack) of type string is deprecated in C:\xampp\htdocs\AnimeShop\wp-includes\functions.php on line 7374
[13-May-2026 12:15:38 UTC] PHP Deprecated:  str_replace(): Passing null to parameter #3 ($subject) of type array|string is deprecated in C:\xampp\htdocs\AnimeShop\wp-includes\functions.php on line 2196
[13-May-2026 12:15:39 UTC] PHP Deprecated:  strpos(): Passing null to parameter #1 ($haystack) of type string is deprecated in C:\xampp\htdocs\AnimeShop\wp-includes\functions.php on line 7374
[13-May-2026 12:15:39 UTC] PHP Deprecated:  str_replace(): Passing null to parameter #3 ($subject) of type array|string is deprecated in C:\xampp\htdocs\AnimeShop\wp-includes\functions.php on line 2196
[13-May-2026 12:15:42 UTC] PHP Deprecated:  strpos(): Passing null to parameter #1 ($haystack) of type string is deprecated in C:\xampp\htdocs\AnimeShop\wp-includes\functions.php on line 7374
[13-May-2026 12:15:42 UTC] PHP Deprecated:  str_replace(): Passing null to parameter #3 ($subject) of type array|string is deprecated in C:\xampp\htdocs\AnimeShop\wp-includes\functions.php on line 2196
[13-May-2026 12:15:42 UTC] PHP Deprecated:  strpos(): Passing null to parameter #1 ($haystack) of type string is deprecated in C:\xampp\htdocs\AnimeShop\wp-includes\functions.php on line 7374
[13-May-2026 12:15:42 UTC] PHP Deprecated:  str_replace(): Passing null to parameter #3 ($subject) of type array|string is deprecated in C:\xampp\htdocs\AnimeShop\wp-includes\functions.php on line 2196
[13-May-2026 12:15:43 UTC] PHP Deprecated:  strpos(): Passing null to parameter #1 ($haystack) of type string is deprecated in C:\xampp\htdocs\AnimeShop\wp-includes\functions.php on line 7374
[13-May-2026 12:15:43 UTC] PHP Deprecated:  str_replace(): Passing null to parameter #3 ($subject) of type array|string is deprecated in C:\xampp\htdocs\AnimeShop\wp-includes\functions.php on line 2196
[13-May-2026 12:15:47 UTC] PHP Deprecated:  strpos(): Passing null to parameter #1 ($haystack) of type string is deprecated in C:\xampp\htdocs\AnimeShop\wp-includes\functions.php on line 7374
[13-May-2026 12:15:47 UTC] PHP Deprecated:  str_replace(): Passing null to parameter #3 ($subject) of type array|string is deprecated in C:\xampp\htdocs\AnimeShop\wp-includes\functions.php on line 2196
[13-May-2026 12:15:51 UTC] PHP Deprecated:  strpos(): Passing null to parameter #1 ($haystack) of type string is deprecated in C:\xampp\htdocs\AnimeShop\wp-includes\functions.php on line 7374
[13-May-2026 12:15:51 UTC] PHP Deprecated:  str_replace(): Passing null to parameter #3 ($subject) of type array|string is deprecated in C:\xampp\htdocs\AnimeShop\wp-includes\functions.php on line 2196
[13-May-2026 12:24:18 UTC] PHP Deprecated:  strpos(): Passing null to parameter #1 ($haystack) of type string is deprecated in C:\xampp\htdocs\AnimeShop\wp-includes\functions.php on line 7374
[13-May-2026 12:24:18 UTC] PHP Deprecated:  str_replace(): Passing null to parameter #3 ($subject) of type array|string is deprecated in C:\xampp\htdocs\AnimeShop\wp-includes\functions.php on line 2196
[13-May-2026 12:24:30 UTC] PHP Deprecated:  strpos(): Passing null to parameter #1 ($haystack) of type string is deprecated in C:\xampp\htdocs\AnimeShop\wp-includes\functions.php on line 7374
[13-May-2026 12:24:30 UTC] PHP Deprecated:  str_replace(): Passing null to parameter #3 ($subject) of type array|string is deprecated in C:\xampp\htdocs\AnimeShop\wp-includes\functions.php on line 2196
[13-May-2026 12:24:31 UTC] PHP Deprecated:  strpos(): Passing null to parameter #1 ($haystack) of type string is deprecated in C:\xampp\htdocs\AnimeShop\wp-includes\functions.php on line 7374
[13-May-2026 12:24:31 UTC] PHP Deprecated:  str_replace(): Passing null to parameter #3 ($subject) of type array|string is deprecated in C:\xampp\htdocs\AnimeShop\wp-includes\functions.php on line 2196
[13-May-2026 12:24:33 UTC] PHP Deprecated:  strpos(): Passing null to parameter #1 ($haystack) of type string is deprecated in C:\xampp\htdocs\AnimeShop\wp-includes\functions.php on line 7374
[13-May-2026 12:24:33 UTC] PHP Deprecated:  str_replace(): Passing null to parameter #3 ($subject) of type array|string is deprecated in C:\xampp\htdocs\AnimeShop\wp-includes\functions.php on line 2196
[13-May-2026 12:24:34 UTC] PHP Deprecated:  strpos(): Passing null to parameter #1 ($haystack) of type string is deprecated in C:\xampp\htdocs\AnimeShop\wp-includes\functions.php on line 7374
[13-May-2026 12:24:34 UTC] PHP Deprecated:  str_replace(): Passing null to parameter #3 ($subject) of type array|string is deprecated in C:\xampp\htdocs\AnimeShop\wp-includes\functions.php on line 2196
[13-May-2026 12:24:35 UTC] PHP Deprecated:  strpos(): Passing null to parameter #1 ($haystack) of type string is deprecated in C:\xampp\htdocs\AnimeShop\wp-includes\functions.php on line 7374
[13-May-2026 12:24:35 UTC] PHP Deprecated:  str_replace(): Passing null to parameter #3 ($subject) of type array|string is deprecated in C:\xampp\htdocs\AnimeShop\wp-includes\functions.php on line 2196
[13-May-2026 12:24:36 UTC] PHP Deprecated:  strpos(): Passing null to parameter #1 ($haystack) of type string is deprecated in C:\xampp\htdocs\AnimeShop\wp-includes\functions.php on line 7374
[13-May-2026 12:24:36 UTC] PHP Deprecated:  str_replace(): Passing null to parameter #3 ($subject) of type array|string is deprecated in C:\xampp\htdocs\AnimeShop\wp-includes\functions.php on line 2196
[13-May-2026 12:24:37 UTC] PHP Deprecated:  strpos(): Passing null to parameter #1 ($haystack) of type string is deprecated in C:\xampp\htdocs\AnimeShop\wp-includes\functions.php on line 7374
[13-May-2026 12:24:37 UTC] PHP Deprecated:  str_replace(): Passing null to parameter #3 ($subject) of type array|string is deprecated in C:\xampp\htdocs\AnimeShop\wp-includes\functions.php on line 2196
[13-May-2026 12:24:39 UTC] PHP Deprecated:  strpos(): Passing null to parameter #1 ($haystack) of type string is deprecated in C:\xampp\htdocs\AnimeShop\wp-includes\functions.php on line 7374
[13-May-2026 12:24:39 UTC] PHP Deprecated:  str_replace(): Passing null to parameter #3 ($subject) of type array|string is deprecated in C:\xampp\htdocs\AnimeShop\wp-includes\functions.php on line 2196
[13-May-2026 12:24:40 UTC] PHP Deprecated:  strpos(): Passing null to parameter #1 ($haystack) of type string is deprecated in C:\xampp\htdocs\AnimeShop\wp-includes\functions.php on line 7374
[13-May-2026 12:24:40 UTC] PHP Deprecated:  str_replace(): Passing null to parameter #3 ($subject) of type array|string is deprecated in C:\xampp\htdocs\AnimeShop\wp-includes\functions.php on line 2196
[13-May-2026 12:24:41 UTC] PHP Deprecated:  strpos(): Passing null to parameter #1 ($haystack) of type string is deprecated in C:\xampp\htdocs\AnimeShop\wp-includes\functions.php on line 7374
[13-May-2026 12:24:41 UTC] PHP Deprecated:  str_replace(): Passing null to parameter #3 ($subject) of type array|string is deprecated in C:\xampp\htdocs\AnimeShop\wp-includes\functions.php on line 2196
[13-May-2026 12:24:42 UTC] PHP Deprecated:  strpos(): Passing null to parameter #1 ($haystack) of type string is deprecated in C:\xampp\htdocs\AnimeShop\wp-includes\functions.php on line 7374
[13-May-2026 12:24:42 UTC] PHP Deprecated:  str_replace(): Passing null to parameter #3 ($subject) of type array|string is deprecated in C:\xampp\htdocs\AnimeShop\wp-includes\functions.php on line 2196
[13-May-2026 12:24:43 UTC] PHP Deprecated:  strpos(): Passing null to parameter #1 ($haystack) of type string is deprecated in C:\xampp\htdocs\AnimeShop\wp-includes\functions.php on line 7374
[13-May-2026 12:24:43 UTC] PHP Deprecated:  str_replace(): Passing null to parameter #3 ($subject) of type array|string is deprecated in C:\xampp\htdocs\AnimeShop\wp-includes\functions.php on line 2196
[13-May-2026 12:24:44 UTC] PHP Deprecated:  strpos(): Passing null to parameter #1 ($haystack) of type string is deprecated in C:\xampp\htdocs\AnimeShop\wp-includes\functions.php on line 7374
[13-May-2026 12:24:44 UTC] PHP Deprecated:  str_replace(): Passing null to parameter #3 ($subject) of type array|string is deprecated in C:\xampp\htdocs\AnimeShop\wp-includes\functions.php on line 2196
[13-May-2026 12:24:46 UTC] PHP Deprecated:  strpos(): Passing null to parameter #1 ($haystack) of type string is deprecated in C:\xampp\htdocs\AnimeShop\wp-includes\functions.php on line 7374
[13-May-2026 12:24:46 UTC] PHP Deprecated:  str_replace(): Passing null to parameter #3 ($subject) of type array|string is deprecated in C:\xampp\htdocs\AnimeShop\wp-includes\functions.php on line 2196
[13-May-2026 12:24:47 UTC] PHP Deprecated:  strpos(): Passing null to parameter #1 ($haystack) of type string is deprecated in C:\xampp\htdocs\AnimeShop\wp-includes\functions.php on line 7374
[13-May-2026 12:24:47 UTC] PHP Deprecated:  str_replace(): Passing null to parameter #3 ($subject) of type array|string is deprecated in C:\xampp\htdocs\AnimeShop\wp-includes\functions.php on line 2196
[13-May-2026 12:24:48 UTC] PHP Deprecated:  strpos(): Passing null to parameter #1 ($haystack) of type string is deprecated in C:\xampp\htdocs\AnimeShop\wp-includes\functions.php on line 7374
[13-May-2026 12:24:48 UTC] PHP Deprecated:  str_replace(): Passing null to parameter #3 ($subject) of type array|string is deprecated in C:\xampp\htdocs\AnimeShop\wp-includes\functions.php on line 2196
[13-May-2026 12:24:49 UTC] PHP Deprecated:  strpos(): Passing null to parameter #1 ($haystack) of type string is deprecated in C:\xampp\htdocs\AnimeShop\wp-includes\functions.php on line 7374
[13-May-2026 12:24:49 UTC] PHP Deprecated:  str_replace(): Passing null to parameter #3 ($subject) of type array|string is deprecated in C:\xampp\htdocs\AnimeShop\wp-includes\functions.php on line 2196
[13-May-2026 12:24:50 UTC] PHP Deprecated:  strpos(): Passing null to parameter #1 ($haystack) of type string is deprecated in C:\xampp\htdocs\AnimeShop\wp-includes\functions.php on line 7374
[13-May-2026 12:24:50 UTC] PHP Deprecated:  str_replace(): Passing null to parameter #3 ($subject) of type array|string is deprecated in C:\xampp\htdocs\AnimeShop\wp-includes\functions.php on line 2196
[13-May-2026 12:24:51 UTC] PHP Deprecated:  strpos(): Passing null to parameter #1 ($haystack) of type string is deprecated in C:\xampp\htdocs\AnimeShop\wp-includes\functions.php on line 7374
[13-May-2026 12:24:51 UTC] PHP Deprecated:  str_replace(): Passing null to parameter #3 ($subject) of type array|string is deprecated in C:\xampp\htdocs\AnimeShop\wp-includes\functions.php on line 2196
[13-May-2026 12:24:53 UTC] PHP Deprecated:  strpos(): Passing null to parameter #1 ($haystack) of type string is deprecated in C:\xampp\htdocs\AnimeShop\wp-includes\functions.php on line 7374
[13-May-2026 12:24:53 UTC] PHP Deprecated:  str_replace(): Passing null to parameter #3 ($subject) of type array|string is deprecated in C:\xampp\htdocs\AnimeShop\wp-includes\functions.php on line 2196
[13-May-2026 12:24:54 UTC] PHP Deprecated:  strpos(): Passing null to parameter #1 ($haystack) of type string is deprecated in C:\xampp\htdocs\AnimeShop\wp-includes\functions.php on line 7374
[13-May-2026 12:24:54 UTC] PHP Deprecated:  str_replace(): Passing null to parameter #3 ($subject) of type array|string is deprecated in C:\xampp\htdocs\AnimeShop\wp-includes\functions.php on line 2196
[13-May-2026 12:24:55 UTC] PHP Deprecated:  strpos(): Passing null to parameter #1 ($haystack) of type string is deprecated in C:\xampp\htdocs\AnimeShop\wp-includes\functions.php on line 7374
[13-May-2026 12:24:55 UTC] PHP Deprecated:  str_replace(): Passing null to parameter #3 ($subject) of type array|string is deprecated in C:\xampp\htdocs\AnimeShop\wp-includes\functions.php on line 2196
[13-May-2026 12:24:56 UTC] PHP Deprecated:  strpos(): Passing null to parameter #1 ($haystack) of type string is deprecated in C:\xampp\htdocs\AnimeShop\wp-includes\functions.php on line 7374
[13-May-2026 12:24:56 UTC] PHP Deprecated:  str_replace(): Passing null to parameter #3 ($subject) of type array|string is deprecated in C:\xampp\htdocs\AnimeShop\wp-includes\functions.php on line 2196
[13-May-2026 12:24:57 UTC] PHP Deprecated:  strpos(): Passing null to parameter #1 ($haystack) of type string is deprecated in C:\xampp\htdocs\AnimeShop\wp-includes\functions.php on line 7374
[13-May-2026 12:24:57 UTC] PHP Deprecated:  str_replace(): Passing null to parameter #3 ($subject) of type array|string is deprecated in C:\xampp\htdocs\AnimeShop\wp-includes\functions.php on line 2196
[13-May-2026 12:25:29 UTC] PHP Deprecated:  strpos(): Passing null to parameter #1 ($haystack) of type string is deprecated in C:\xampp\htdocs\AnimeShop\wp-includes\functions.php on line 7374
[13-May-2026 12:25:29 UTC] PHP Deprecated:  str_replace(): Passing null to parameter #3 ($subject) of type array|string is deprecated in C:\xampp\htdocs\AnimeShop\wp-includes\functions.php on line 2196
[13-May-2026 12:25:30 UTC] PHP Deprecated:  strpos(): Passing null to parameter #1 ($haystack) of type string is deprecated in C:\xampp\htdocs\AnimeShop\wp-includes\functions.php on line 7374
[13-May-2026 12:25:30 UTC] PHP Deprecated:  str_replace(): Passing null to parameter #3 ($subject) of type array|string is deprecated in C:\xampp\htdocs\AnimeShop\wp-includes\functions.php on line 2196
[13-May-2026 12:25:34 UTC] PHP Deprecated:  strpos(): Passing null to parameter #1 ($haystack) of type string is deprecated in C:\xampp\htdocs\AnimeShop\wp-includes\functions.php on line 7374
[13-May-2026 12:25:34 UTC] PHP Deprecated:  str_replace(): Passing null to parameter #3 ($subject) of type array|string is deprecated in C:\xampp\htdocs\AnimeShop\wp-includes\functions.php on line 2196
[13-May-2026 12:25:35 UTC] PHP Deprecated:  strpos(): Passing null to parameter #1 ($haystack) of type string is deprecated in C:\xampp\htdocs\AnimeShop\wp-includes\functions.php on line 7374
[13-May-2026 12:25:35 UTC] PHP Deprecated:  str_replace(): Passing null to parameter #3 ($subject) of type array|string is deprecated in C:\xampp\htdocs\AnimeShop\wp-includes\functions.php on line 2196
[13-May-2026 12:25:36 UTC] PHP Deprecated:  strpos(): Passing null to parameter #1 ($haystack) of type string is deprecated in C:\xampp\htdocs\AnimeShop\wp-includes\functions.php on line 7374
[13-May-2026 12:25:36 UTC] PHP Deprecated:  str_replace(): Passing null to parameter #3 ($subject) of type array|string is deprecated in C:\xampp\htdocs\AnimeShop\wp-includes\functions.php on line 2196
[13-May-2026 12:25:39 UTC] PHP Deprecated:  strpos(): Passing null to parameter #1 ($haystack) of type string is deprecated in C:\xampp\htdocs\AnimeShop\wp-includes\functions.php on line 7374
[13-May-2026 12:25:39 UTC] PHP Deprecated:  str_replace(): Passing null to parameter #3 ($subject) of type array|string is deprecated in C:\xampp\htdocs\AnimeShop\wp-includes\functions.php on line 2196
[13-May-2026 12:26:03 UTC] PHP Deprecated:  strpos(): Passing null to parameter #1 ($haystack) of type string is deprecated in C:\xampp\htdocs\AnimeShop\wp-includes\functions.php on line 7374
[13-May-2026 12:26:03 UTC] PHP Deprecated:  str_replace(): Passing null to parameter #3 ($subject) of type array|string is deprecated in C:\xampp\htdocs\AnimeShop\wp-includes\functions.php on line 2196
[13-May-2026 12:26:04 UTC] PHP Deprecated:  strpos(): Passing null to parameter #1 ($haystack) of type string is deprecated in C:\xampp\htdocs\AnimeShop\wp-includes\functions.php on line 7374
[13-May-2026 12:26:04 UTC] PHP Deprecated:  str_replace(): Passing null to parameter #3 ($subject) of type array|string is deprecated in C:\xampp\htdocs\AnimeShop\wp-includes\functions.php on line 2196
[13-May-2026 12:26:08 UTC] PHP Deprecated:  strpos(): Passing null to parameter #1 ($haystack) of type string is deprecated in C:\xampp\htdocs\AnimeShop\wp-includes\functions.php on line 7374
[13-May-2026 12:26:08 UTC] PHP Deprecated:  str_replace(): Passing null to parameter #3 ($subject) of type array|string is deprecated in C:\xampp\htdocs\AnimeShop\wp-includes\functions.php on line 2196
[13-May-2026 12:26:09 UTC] PHP Deprecated:  strpos(): Passing null to parameter #1 ($haystack) of type string is deprecated in C:\xampp\htdocs\AnimeShop\wp-includes\functions.php on line 7374
[13-May-2026 12:26:09 UTC] PHP Deprecated:  str_replace(): Passing null to parameter #3 ($subject) of type array|string is deprecated in C:\xampp\htdocs\AnimeShop\wp-includes\functions.php on line 2196
[13-May-2026 12:26:12 UTC] PHP Deprecated:  strpos(): Passing null to parameter #1 ($haystack) of type string is deprecated in C:\xampp\htdocs\AnimeShop\wp-includes\functions.php on line 7374
[13-May-2026 12:26:12 UTC] PHP Deprecated:  str_replace(): Passing null to parameter #3 ($subject) of type array|string is deprecated in C:\xampp\htdocs\AnimeShop\wp-includes\functions.php on line 2196
[13-May-2026 12:26:47 UTC] PHP Deprecated:  strpos(): Passing null to parameter #1 ($haystack) of type string is deprecated in C:\xampp\htdocs\AnimeShop\wp-includes\functions.php on line 7374
[13-May-2026 12:26:47 UTC] PHP Deprecated:  str_replace(): Passing null to parameter #3 ($subject) of type array|string is deprecated in C:\xampp\htdocs\AnimeShop\wp-includes\functions.php on line 2196
[13-May-2026 12:26:48 UTC] PHP Deprecated:  strpos(): Passing null to parameter #1 ($haystack) of type string is deprecated in C:\xampp\htdocs\AnimeShop\wp-includes\functions.php on line 7374
[13-May-2026 12:26:48 UTC] PHP Deprecated:  str_replace(): Passing null to parameter #3 ($subject) of type array|string is deprecated in C:\xampp\htdocs\AnimeShop\wp-includes\functions.php on line 2196
[13-May-2026 12:26:51 UTC] PHP Deprecated:  strpos(): Passing null to parameter #1 ($haystack) of type string is deprecated in C:\xampp\htdocs\AnimeShop\wp-includes\functions.php on line 7374
[13-May-2026 12:26:51 UTC] PHP Deprecated:  str_replace(): Passing null to parameter #3 ($subject) of type array|string is deprecated in C:\xampp\htdocs\AnimeShop\wp-includes\functions.php on line 2196
[13-May-2026 12:26:51 UTC] PHP Deprecated:  strpos(): Passing null to parameter #1 ($haystack) of type string is deprecated in C:\xampp\htdocs\AnimeShop\wp-includes\functions.php on line 7374
[13-May-2026 12:26:51 UTC] PHP Deprecated:  str_replace(): Passing null to parameter #3 ($subject) of type array|string is deprecated in C:\xampp\htdocs\AnimeShop\wp-includes\functions.php on line 2196
[13-May-2026 12:26:54 UTC] PHP Deprecated:  strpos(): Passing null to parameter #1 ($haystack) of type string is deprecated in C:\xampp\htdocs\AnimeShop\wp-includes\functions.php on line 7374
[13-May-2026 12:26:54 UTC] PHP Deprecated:  str_replace(): Passing null to parameter #3 ($subject) of type array|string is deprecated in C:\xampp\htdocs\AnimeShop\wp-includes\functions.php on line 2196
[13-May-2026 12:27:09 UTC] PHP Deprecated:  strpos(): Passing null to parameter #1 ($haystack) of type string is deprecated in C:\xampp\htdocs\AnimeShop\wp-includes\functions.php on line 7374
[13-May-2026 12:27:09 UTC] PHP Deprecated:  str_replace(): Passing null to parameter #3 ($subject) of type array|string is deprecated in C:\xampp\htdocs\AnimeShop\wp-includes\functions.php on line 2196
[13-May-2026 12:27:10 UTC] PHP Deprecated:  strpos(): Passing null to parameter #1 ($haystack) of type string is deprecated in C:\xampp\htdocs\AnimeShop\wp-includes\functions.php on line 7374
[13-May-2026 12:27:10 UTC] PHP Deprecated:  str_replace(): Passing null to parameter #3 ($subject) of type array|string is deprecated in C:\xampp\htdocs\AnimeShop\wp-includes\functions.php on line 2196
[13-May-2026 12:27:13 UTC] PHP Deprecated:  strpos(): Passing null to parameter #1 ($haystack) of type string is deprecated in C:\xampp\htdocs\AnimeShop\wp-includes\functions.php on line 7374
[13-May-2026 12:27:13 UTC] PHP Deprecated:  str_replace(): Passing null to parameter #3 ($subject) of type array|string is deprecated in C:\xampp\htdocs\AnimeShop\wp-includes\functions.php on line 2196
[13-May-2026 12:27:14 UTC] PHP Deprecated:  strpos(): Passing null to parameter #1 ($haystack) of type string is deprecated in C:\xampp\htdocs\AnimeShop\wp-includes\functions.php on line 7374
[13-May-2026 12:27:14 UTC] PHP Deprecated:  str_replace(): Passing null to parameter #3 ($subject) of type array|string is deprecated in C:\xampp\htdocs\AnimeShop\wp-includes\functions.php on line 2196
[13-May-2026 12:27:16 UTC] PHP Deprecated:  strpos(): Passing null to parameter #1 ($haystack) of type string is deprecated in C:\xampp\htdocs\AnimeShop\wp-includes\functions.php on line 7374
[13-May-2026 12:27:16 UTC] PHP Deprecated:  str_replace(): Passing null to parameter #3 ($subject) of type array|string is deprecated in C:\xampp\htdocs\AnimeShop\wp-includes\functions.php on line 2196
[13-May-2026 12:27:37 UTC] PHP Deprecated:  strpos(): Passing null to parameter #1 ($haystack) of type string is deprecated in C:\xampp\htdocs\AnimeShop\wp-includes\functions.php on line 7374
[13-May-2026 12:27:37 UTC] PHP Deprecated:  str_replace(): Passing null to parameter #3 ($subject) of type array|string is deprecated in C:\xampp\htdocs\AnimeShop\wp-includes\functions.php on line 2196
[13-May-2026 12:27:38 UTC] PHP Deprecated:  strpos(): Passing null to parameter #1 ($haystack) of type string is deprecated in C:\xampp\htdocs\AnimeShop\wp-includes\functions.php on line 7374
[13-May-2026 12:27:38 UTC] PHP Deprecated:  str_replace(): Passing null to parameter #3 ($subject) of type array|string is deprecated in C:\xampp\htdocs\AnimeShop\wp-includes\functions.php on line 2196
[13-May-2026 12:27:42 UTC] PHP Deprecated:  strpos(): Passing null to parameter #1 ($haystack) of type string is deprecated in C:\xampp\htdocs\AnimeShop\wp-includes\functions.php on line 7374
[13-May-2026 12:27:42 UTC] PHP Deprecated:  str_replace(): Passing null to parameter #3 ($subject) of type array|string is deprecated in C:\xampp\htdocs\AnimeShop\wp-includes\functions.php on line 2196
[13-May-2026 12:27:43 UTC] PHP Deprecated:  strpos(): Passing null to parameter #1 ($haystack) of type string is deprecated in C:\xampp\htdocs\AnimeShop\wp-includes\functions.php on line 7374
[13-May-2026 12:27:43 UTC] PHP Deprecated:  str_replace(): Passing null to parameter #3 ($subject) of type array|string is deprecated in C:\xampp\htdocs\AnimeShop\wp-includes\functions.php on line 2196
[13-May-2026 12:27:47 UTC] PHP Deprecated:  strpos(): Passing null to parameter #1 ($haystack) of type string is deprecated in C:\xampp\htdocs\AnimeShop\wp-includes\functions.php on line 7374
[13-May-2026 12:27:47 UTC] PHP Deprecated:  str_replace(): Passing null to parameter #3 ($subject) of type array|string is deprecated in C:\xampp\htdocs\AnimeShop\wp-includes\functions.php on line 2196
[13-May-2026 12:27:52 UTC] PHP Deprecated:  strpos(): Passing null to parameter #1 ($haystack) of type string is deprecated in C:\xampp\htdocs\AnimeShop\wp-includes\functions.php on line 7374
[13-May-2026 12:27:52 UTC] PHP Deprecated:  str_replace(): Passing null to parameter #3 ($subject) of type array|string is deprecated in C:\xampp\htdocs\AnimeShop\wp-includes\functions.php on line 2196
[13-May-2026 12:29:15 UTC] PHP Deprecated:  strpos(): Passing null to parameter #1 ($haystack) of type string is deprecated in C:\xampp\htdocs\AnimeShop\wp-includes\functions.php on line 7374
[13-May-2026 12:29:15 UTC] PHP Deprecated:  str_replace(): Passing null to parameter #3 ($subject) of type array|string is deprecated in C:\xampp\htdocs\AnimeShop\wp-includes\functions.php on line 2196
[13-May-2026 12:30:40 UTC] PHP Deprecated:  strpos(): Passing null to parameter #1 ($haystack) of type string is deprecated in C:\xampp\htdocs\AnimeShop\wp-includes\functions.php on line 7374
[13-May-2026 12:30:40 UTC] PHP Deprecated:  str_replace(): Passing null to parameter #3 ($subject) of type array|string is deprecated in C:\xampp\htdocs\AnimeShop\wp-includes\functions.php on line 2196
[13-May-2026 12:30:43 UTC] PHP Deprecated:  strpos(): Passing null to parameter #1 ($haystack) of type string is deprecated in C:\xampp\htdocs\AnimeShop\wp-includes\functions.php on line 7374
[13-May-2026 12:30:43 UTC] PHP Deprecated:  str_replace(): Passing null to parameter #3 ($subject) of type array|string is deprecated in C:\xampp\htdocs\AnimeShop\wp-includes\functions.php on line 2196
[13-May-2026 12:30:45 UTC] PHP Deprecated:  strpos(): Passing null to parameter #1 ($haystack) of type string is deprecated in C:\xampp\htdocs\AnimeShop\wp-includes\functions.php on line 7374
[13-May-2026 12:30:45 UTC] PHP Deprecated:  str_replace(): Passing null to parameter #3 ($subject) of type array|string is deprecated in C:\xampp\htdocs\AnimeShop\wp-includes\functions.php on line 2196
[13-May-2026 12:31:02 UTC] PHP Deprecated:  strpos(): Passing null to parameter #1 ($haystack) of type string is deprecated in C:\xampp\htdocs\AnimeShop\wp-includes\functions.php on line 7374
[13-May-2026 12:31:02 UTC] PHP Deprecated:  str_replace(): Passing null to parameter #3 ($subject) of type array|string is deprecated in C:\xampp\htdocs\AnimeShop\wp-includes\functions.php on line 2196
[13-May-2026 12:31:08 UTC] PHP Deprecated:  strpos(): Passing null to parameter #1 ($haystack) of type string is deprecated in C:\xampp\htdocs\AnimeShop\wp-includes\functions.php on line 7374
[13-May-2026 12:31:08 UTC] PHP Deprecated:  str_replace(): Passing null to parameter #3 ($subject) of type array|string is deprecated in C:\xampp\htdocs\AnimeShop\wp-includes\functions.php on line 2196
[13-May-2026 12:31:27 UTC] PHP Deprecated:  strpos(): Passing null to parameter #1 ($haystack) of type string is deprecated in C:\xampp\htdocs\AnimeShop\wp-includes\functions.php on line 7374
[13-May-2026 12:31:27 UTC] PHP Deprecated:  str_replace(): Passing null to parameter #3 ($subject) of type array|string is deprecated in C:\xampp\htdocs\AnimeShop\wp-includes\functions.php on line 2196
[13-May-2026 13:33:08 UTC] PHP Deprecated:  strpos(): Passing null to parameter #1 ($haystack) of type string is deprecated in C:\xampp\htdocs\AnimeShop\wp-includes\functions.php on line 7374
[13-May-2026 13:33:08 UTC] PHP Deprecated:  str_replace(): Passing null to parameter #3 ($subject) of type array|string is deprecated in C:\xampp\htdocs\AnimeShop\wp-includes\functions.php on line 2196
[13-May-2026 13:33:11 UTC] PHP Deprecated:  strpos(): Passing null to parameter #1 ($haystack) of type string is deprecated in C:\xampp\htdocs\AnimeShop\wp-includes\functions.php on line 7374
[13-May-2026 13:33:11 UTC] PHP Deprecated:  str_replace(): Passing null to parameter #3 ($subject) of type array|string is deprecated in C:\xampp\htdocs\AnimeShop\wp-includes\functions.php on line 2196
[13-May-2026 13:52:34 UTC] PHP Deprecated:  strpos(): Passing null to parameter #1 ($haystack) of type string is deprecated in C:\xampp\htdocs\AnimeShop\wp-includes\functions.php on line 7374
[13-May-2026 13:52:34 UTC] PHP Deprecated:  str_replace(): Passing null to parameter #3 ($subject) of type array|string is deprecated in C:\xampp\htdocs\AnimeShop\wp-includes\functions.php on line 2196
[13-May-2026 13:52:37 UTC] PHP Deprecated:  strpos(): Passing null to parameter #1 ($haystack) of type string is deprecated in C:\xampp\htdocs\AnimeShop\wp-includes\functions.php on line 7374
[13-May-2026 13:52:37 UTC] PHP Deprecated:  str_replace(): Passing null to parameter #3 ($subject) of type array|string is deprecated in C:\xampp\htdocs\AnimeShop\wp-includes\functions.php on line 2196
[13-May-2026 13:52:46 UTC] PHP Deprecated:  strpos(): Passing null to parameter #1 ($haystack) of type string is deprecated in C:\xampp\htdocs\AnimeShop\wp-includes\functions.php on line 7374
[13-May-2026 13:52:46 UTC] PHP Deprecated:  str_replace(): Passing null to parameter #3 ($subject) of type array|string is deprecated in C:\xampp\htdocs\AnimeShop\wp-includes\functions.php on line 2196
[13-May-2026 14:42:42 UTC] PHP Deprecated:  strpos(): Passing null to parameter #1 ($haystack) of type string is deprecated in C:\xampp\htdocs\AnimeShop\wp-includes\functions.php on line 7374
[13-May-2026 14:42:42 UTC] PHP Deprecated:  str_replace(): Passing null to parameter #3 ($subject) of type array|string is deprecated in C:\xampp\htdocs\AnimeShop\wp-includes\functions.php on line 2196
[13-May-2026 14:42:45 UTC] PHP Deprecated:  strpos(): Passing null to parameter #1 ($haystack) of type string is deprecated in C:\xampp\htdocs\AnimeShop\wp-includes\functions.php on line 7374
[13-May-2026 14:42:45 UTC] PHP Deprecated:  str_replace(): Passing null to parameter #3 ($subject) of type array|string is deprecated in C:\xampp\htdocs\AnimeShop\wp-includes\functions.php on line 2196
[13-May-2026 14:42:46 UTC] PHP Deprecated:  strpos(): Passing null to parameter #1 ($haystack) of type string is deprecated in C:\xampp\htdocs\AnimeShop\wp-includes\functions.php on line 7374
[13-May-2026 14:42:46 UTC] PHP Deprecated:  str_replace(): Passing null to parameter #3 ($subject) of type array|string is deprecated in C:\xampp\htdocs\AnimeShop\wp-includes\functions.php on line 2196
[13-May-2026 14:42:47 UTC] PHP Deprecated:  strpos(): Passing null to parameter #1 ($haystack) of type string is deprecated in C:\xampp\htdocs\AnimeShop\wp-includes\functions.php on line 7374
[13-May-2026 14:42:47 UTC] PHP Deprecated:  str_replace(): Passing null to parameter #3 ($subject) of type array|string is deprecated in C:\xampp\htdocs\AnimeShop\wp-includes\functions.php on line 2196
[13-May-2026 14:42:51 UTC] PHP Deprecated:  strpos(): Passing null to parameter #1 ($haystack) of type string is deprecated in C:\xampp\htdocs\AnimeShop\wp-includes\functions.php on line 7374
[13-May-2026 14:42:51 UTC] PHP Deprecated:  str_replace(): Passing null to parameter #3 ($subject) of type array|string is deprecated in C:\xampp\htdocs\AnimeShop\wp-includes\functions.php on line 2196
[13-May-2026 14:42:52 UTC] PHP Deprecated:  strpos(): Passing null to parameter #1 ($haystack) of type string is deprecated in C:\xampp\htdocs\AnimeShop\wp-includes\functions.php on line 7374
[13-May-2026 14:42:52 UTC] PHP Deprecated:  str_replace(): Passing null to parameter #3 ($subject) of type array|string is deprecated in C:\xampp\htdocs\AnimeShop\wp-includes\functions.php on line 2196
[13-May-2026 14:42:59 UTC] PHP Deprecated:  strpos(): Passing null to parameter #1 ($haystack) of type string is deprecated in C:\xampp\htdocs\AnimeShop\wp-includes\functions.php on line 7374
[13-May-2026 14:42:59 UTC] PHP Deprecated:  str_replace(): Passing null to parameter #3 ($subject) of type array|string is deprecated in C:\xampp\htdocs\AnimeShop\wp-includes\functions.php on line 2196
[13-May-2026 14:43:00 UTC] PHP Deprecated:  strpos(): Passing null to parameter #1 ($haystack) of type string is deprecated in C:\xampp\htdocs\AnimeShop\wp-includes\functions.php on line 7374
[13-May-2026 14:43:00 UTC] PHP Deprecated:  str_replace(): Passing null to parameter #3 ($subject) of type array|string is deprecated in C:\xampp\htdocs\AnimeShop\wp-includes\functions.php on line 2196
[13-May-2026 14:43:02 UTC] PHP Deprecated:  strpos(): Passing null to parameter #1 ($haystack) of type string is deprecated in C:\xampp\htdocs\AnimeShop\wp-includes\functions.php on line 7374
[13-May-2026 14:43:02 UTC] PHP Deprecated:  str_replace(): Passing null to parameter #3 ($subject) of type array|string is deprecated in C:\xampp\htdocs\AnimeShop\wp-includes\functions.php on line 2196
[13-May-2026 14:43:29 UTC] PHP Deprecated:  strpos(): Passing null to parameter #1 ($haystack) of type string is deprecated in C:\xampp\htdocs\AnimeShop\wp-includes\functions.php on line 7374
[13-May-2026 14:43:29 UTC] PHP Deprecated:  str_replace(): Passing null to parameter #3 ($subject) of type array|string is deprecated in C:\xampp\htdocs\AnimeShop\wp-includes\functions.php on line 2196
[13-May-2026 14:44:46 UTC] PHP Deprecated:  strpos(): Passing null to parameter #1 ($haystack) of type string is deprecated in C:\xampp\htdocs\AnimeShop\wp-includes\functions.php on line 7374
[13-May-2026 14:44:46 UTC] PHP Deprecated:  str_replace(): Passing null to parameter #3 ($subject) of type array|string is deprecated in C:\xampp\htdocs\AnimeShop\wp-includes\functions.php on line 2196
[13-May-2026 14:52:48 UTC] PHP Deprecated:  strpos(): Passing null to parameter #1 ($haystack) of type string is deprecated in C:\xampp\htdocs\AnimeShop\wp-includes\functions.php on line 7374
[13-May-2026 14:52:48 UTC] PHP Deprecated:  str_replace(): Passing null to parameter #3 ($subject) of type array|string is deprecated in C:\xampp\htdocs\AnimeShop\wp-includes\functions.php on line 2196
[13-May-2026 14:52:49 UTC] PHP Deprecated:  strpos(): Passing null to parameter #1 ($haystack) of type string is deprecated in C:\xampp\htdocs\AnimeShop\wp-includes\functions.php on line 7374
[13-May-2026 14:52:49 UTC] PHP Deprecated:  str_replace(): Passing null to parameter #3 ($subject) of type array|string is deprecated in C:\xampp\htdocs\AnimeShop\wp-includes\functions.php on line 2196
[13-May-2026 14:52:50 UTC] PHP Deprecated:  strpos(): Passing null to parameter #1 ($haystack) of type string is deprecated in C:\xampp\htdocs\AnimeShop\wp-includes\functions.php on line 7374
[13-May-2026 14:52:50 UTC] PHP Deprecated:  str_replace(): Passing null to parameter #3 ($subject) of type array|string is deprecated in C:\xampp\htdocs\AnimeShop\wp-includes\functions.php on line 2196
[13-May-2026 14:52:55 UTC] PHP Deprecated:  strpos(): Passing null to parameter #1 ($haystack) of type string is deprecated in C:\xampp\htdocs\AnimeShop\wp-includes\functions.php on line 7374
[13-May-2026 14:52:55 UTC] PHP Deprecated:  str_replace(): Passing null to parameter #3 ($subject) of type array|string is deprecated in C:\xampp\htdocs\AnimeShop\wp-includes\functions.php on line 2196
[13-May-2026 14:52:56 UTC] PHP Deprecated:  strpos(): Passing null to parameter #1 ($haystack) of type string is deprecated in C:\xampp\htdocs\AnimeShop\wp-includes\functions.php on line 7374
[13-May-2026 14:52:56 UTC] PHP Deprecated:  str_replace(): Passing null to parameter #3 ($subject) of type array|string is deprecated in C:\xampp\htdocs\AnimeShop\wp-includes\functions.php on line 2196
[13-May-2026 14:52:58 UTC] PHP Deprecated:  strpos(): Passing null to parameter #1 ($haystack) of type string is deprecated in C:\xampp\htdocs\AnimeShop\wp-includes\functions.php on line 7374
[13-May-2026 14:52:58 UTC] PHP Deprecated:  str_replace(): Passing null to parameter #3 ($subject) of type array|string is deprecated in C:\xampp\htdocs\AnimeShop\wp-includes\functions.php on line 2196
[13-May-2026 14:53:18 UTC] PHP Deprecated:  strpos(): Passing null to parameter #1 ($haystack) of type string is deprecated in C:\xampp\htdocs\AnimeShop\wp-includes\functions.php on line 7374
[13-May-2026 14:53:18 UTC] PHP Deprecated:  str_replace(): Passing null to parameter #3 ($subject) of type array|string is deprecated in C:\xampp\htdocs\AnimeShop\wp-includes\functions.php on line 2196
[13-May-2026 14:53:25 UTC] PHP Deprecated:  strpos(): Passing null to parameter #1 ($haystack) of type string is deprecated in C:\xampp\htdocs\AnimeShop\wp-includes\functions.php on line 7374
[13-May-2026 14:53:25 UTC] PHP Deprecated:  str_replace(): Passing null to parameter #3 ($subject) of type array|string is deprecated in C:\xampp\htdocs\AnimeShop\wp-includes\functions.php on line 2196
[13-May-2026 14:53:28 UTC] PHP Deprecated:  strpos(): Passing null to parameter #1 ($haystack) of type string is deprecated in C:\xampp\htdocs\AnimeShop\wp-includes\functions.php on line 7374
[13-May-2026 14:53:28 UTC] PHP Deprecated:  str_replace(): Passing null to parameter #3 ($subject) of type array|string is deprecated in C:\xampp\htdocs\AnimeShop\wp-includes\functions.php on line 2196
[13-May-2026 14:53:31 UTC] PHP Deprecated:  strpos(): Passing null to parameter #1 ($haystack) of type string is deprecated in C:\xampp\htdocs\AnimeShop\wp-includes\functions.php on line 7374
[13-May-2026 14:53:31 UTC] PHP Deprecated:  str_replace(): Passing null to parameter #3 ($subject) of type array|string is deprecated in C:\xampp\htdocs\AnimeShop\wp-includes\functions.php on line 2196
[13-May-2026 14:53:35 UTC] PHP Deprecated:  strpos(): Passing null to parameter #1 ($haystack) of type string is deprecated in C:\xampp\htdocs\AnimeShop\wp-includes\functions.php on line 7374
[13-May-2026 14:53:35 UTC] PHP Deprecated:  str_replace(): Passing null to parameter #3 ($subject) of type array|string is deprecated in C:\xampp\htdocs\AnimeShop\wp-includes\functions.php on line 2196
[13-May-2026 14:53:38 UTC] PHP Deprecated:  strpos(): Passing null to parameter #1 ($haystack) of type string is deprecated in C:\xampp\htdocs\AnimeShop\wp-includes\functions.php on line 7374
[13-May-2026 14:53:38 UTC] PHP Deprecated:  str_replace(): Passing null to parameter #3 ($subject) of type array|string is deprecated in C:\xampp\htdocs\AnimeShop\wp-includes\functions.php on line 2196
[13-May-2026 14:53:42 UTC] PHP Deprecated:  strpos(): Passing null to parameter #1 ($haystack) of type string is deprecated in C:\xampp\htdocs\AnimeShop\wp-includes\functions.php on line 7374
[13-May-2026 14:53:42 UTC] PHP Deprecated:  str_replace(): Passing null to parameter #3 ($subject) of type array|string is deprecated in C:\xampp\htdocs\AnimeShop\wp-includes\functions.php on line 2196
[13-May-2026 14:55:23 UTC] PHP Deprecated:  strpos(): Passing null to parameter #1 ($haystack) of type string is deprecated in C:\xampp\htdocs\AnimeShop\wp-includes\functions.php on line 7374
[13-May-2026 14:55:23 UTC] PHP Deprecated:  str_replace(): Passing null to parameter #3 ($subject) of type array|string is deprecated in C:\xampp\htdocs\AnimeShop\wp-includes\functions.php on line 2196
[13-May-2026 14:55:24 UTC] PHP Deprecated:  strpos(): Passing null to parameter #1 ($haystack) of type string is deprecated in C:\xampp\htdocs\AnimeShop\wp-includes\functions.php on line 7374
[13-May-2026 14:55:24 UTC] PHP Deprecated:  str_replace(): Passing null to parameter #3 ($subject) of type array|string is deprecated in C:\xampp\htdocs\AnimeShop\wp-includes\functions.php on line 2196
[13-May-2026 14:55:31 UTC] PHP Deprecated:  strpos(): Passing null to parameter #1 ($haystack) of type string is deprecated in C:\xampp\htdocs\AnimeShop\wp-includes\functions.php on line 7374
[13-May-2026 14:55:31 UTC] PHP Deprecated:  str_replace(): Passing null to parameter #3 ($subject) of type array|string is deprecated in C:\xampp\htdocs\AnimeShop\wp-includes\functions.php on line 2196
[13-May-2026 14:55:32 UTC] PHP Deprecated:  strpos(): Passing null to parameter #1 ($haystack) of type string is deprecated in C:\xampp\htdocs\AnimeShop\wp-includes\functions.php on line 7374
[13-May-2026 14:55:32 UTC] PHP Deprecated:  str_replace(): Passing null to parameter #3 ($subject) of type array|string is deprecated in C:\xampp\htdocs\AnimeShop\wp-includes\functions.php on line 2196
[13-May-2026 15:01:29 UTC] PHP Deprecated:  strpos(): Passing null to parameter #1 ($haystack) of type string is deprecated in C:\xampp\htdocs\AnimeShop\wp-includes\functions.php on line 7374
[13-May-2026 15:01:29 UTC] PHP Deprecated:  str_replace(): Passing null to parameter #3 ($subject) of type array|string is deprecated in C:\xampp\htdocs\AnimeShop\wp-includes\functions.php on line 2196
[13-May-2026 15:01:34 UTC] PHP Deprecated:  strpos(): Passing null to parameter #1 ($haystack) of type string is deprecated in C:\xampp\htdocs\AnimeShop\wp-includes\functions.php on line 7374
[13-May-2026 15:01:34 UTC] PHP Deprecated:  str_replace(): Passing null to parameter #3 ($subject) of type array|string is deprecated in C:\xampp\htdocs\AnimeShop\wp-includes\functions.php on line 2196
[13-May-2026 15:01:35 UTC] PHP Deprecated:  strpos(): Passing null to parameter #1 ($haystack) of type string is deprecated in C:\xampp\htdocs\AnimeShop\wp-includes\functions.php on line 7374
[13-May-2026 15:01:35 UTC] PHP Deprecated:  str_replace(): Passing null to parameter #3 ($subject) of type array|string is deprecated in C:\xampp\htdocs\AnimeShop\wp-includes\functions.php on line 2196
[13-May-2026 15:01:45 UTC] PHP Deprecated:  strpos(): Passing null to parameter #1 ($haystack) of type string is deprecated in C:\xampp\htdocs\AnimeShop\wp-includes\functions.php on line 7374
[13-May-2026 15:01:45 UTC] PHP Deprecated:  str_replace(): Passing null to parameter #3 ($subject) of type array|string is deprecated in C:\xampp\htdocs\AnimeShop\wp-includes\functions.php on line 2196
[13-May-2026 15:01:49 UTC] PHP Deprecated:  strpos(): Passing null to parameter #1 ($haystack) of type string is deprecated in C:\xampp\htdocs\AnimeShop\wp-includes\functions.php on line 7374
[13-May-2026 15:01:49 UTC] PHP Deprecated:  str_replace(): Passing null to parameter #3 ($subject) of type array|string is deprecated in C:\xampp\htdocs\AnimeShop\wp-includes\functions.php on line 2196
[13-May-2026 15:01:50 UTC] PHP Deprecated:  strpos(): Passing null to parameter #1 ($haystack) of type string is deprecated in C:\xampp\htdocs\AnimeShop\wp-includes\functions.php on line 7374
[13-May-2026 15:01:50 UTC] PHP Deprecated:  str_replace(): Passing null to parameter #3 ($subject) of type array|string is deprecated in C:\xampp\htdocs\AnimeShop\wp-includes\functions.php on line 2196
[13-May-2026 15:02:12 UTC] PHP Deprecated:  strpos(): Passing null to parameter #1 ($haystack) of type string is deprecated in C:\xampp\htdocs\AnimeShop\wp-includes\functions.php on line 7374
[13-May-2026 15:02:12 UTC] PHP Deprecated:  str_replace(): Passing null to parameter #3 ($subject) of type array|string is deprecated in C:\xampp\htdocs\AnimeShop\wp-includes\functions.php on line 2196
[13-May-2026 15:02:13 UTC] PHP Deprecated:  strpos(): Passing null to parameter #1 ($haystack) of type string is deprecated in C:\xampp\htdocs\AnimeShop\wp-includes\functions.php on line 7374
[13-May-2026 15:02:13 UTC] PHP Deprecated:  str_replace(): Passing null to parameter #3 ($subject) of type array|string is deprecated in C:\xampp\htdocs\AnimeShop\wp-includes\functions.php on line 2196
[13-May-2026 15:02:18 UTC] PHP Deprecated:  strpos(): Passing null to parameter #1 ($haystack) of type string is deprecated in C:\xampp\htdocs\AnimeShop\wp-includes\functions.php on line 7374
[13-May-2026 15:02:18 UTC] PHP Deprecated:  str_replace(): Passing null to parameter #3 ($subject) of type array|string is deprecated in C:\xampp\htdocs\AnimeShop\wp-includes\functions.php on line 2196
[13-May-2026 15:02:19 UTC] PHP Deprecated:  strpos(): Passing null to parameter #1 ($haystack) of type string is deprecated in C:\xampp\htdocs\AnimeShop\wp-includes\functions.php on line 7374
[13-May-2026 15:02:19 UTC] PHP Deprecated:  str_replace(): Passing null to parameter #3 ($subject) of type array|string is deprecated in C:\xampp\htdocs\AnimeShop\wp-includes\functions.php on line 2196
[13-May-2026 15:02:25 UTC] PHP Deprecated:  strpos(): Passing null to parameter #1 ($haystack) of type string is deprecated in C:\xampp\htdocs\AnimeShop\wp-includes\functions.php on line 7374
[13-May-2026 15:02:25 UTC] PHP Deprecated:  str_replace(): Passing null to parameter #3 ($subject) of type array|string is deprecated in C:\xampp\htdocs\AnimeShop\wp-includes\functions.php on line 2196
[13-May-2026 15:02:26 UTC] PHP Deprecated:  strpos(): Passing null to parameter #1 ($haystack) of type string is deprecated in C:\xampp\htdocs\AnimeShop\wp-includes\functions.php on line 7374
[13-May-2026 15:02:26 UTC] PHP Deprecated:  str_replace(): Passing null to parameter #3 ($subject) of type array|string is deprecated in C:\xampp\htdocs\AnimeShop\wp-includes\functions.php on line 2196
[13-May-2026 15:03:14 UTC] PHP Deprecated:  strpos(): Passing null to parameter #1 ($haystack) of type string is deprecated in C:\xampp\htdocs\AnimeShop\wp-includes\functions.php on line 7374
[13-May-2026 15:03:14 UTC] PHP Deprecated:  str_replace(): Passing null to parameter #3 ($subject) of type array|string is deprecated in C:\xampp\htdocs\AnimeShop\wp-includes\functions.php on line 2196
[13-May-2026 15:03:15 UTC] PHP Deprecated:  strpos(): Passing null to parameter #1 ($haystack) of type string is deprecated in C:\xampp\htdocs\AnimeShop\wp-includes\functions.php on line 7374
[13-May-2026 15:03:15 UTC] PHP Deprecated:  str_replace(): Passing null to parameter #3 ($subject) of type array|string is deprecated in C:\xampp\htdocs\AnimeShop\wp-includes\functions.php on line 2196
[13-May-2026 15:03:17 UTC] PHP Deprecated:  strpos(): Passing null to parameter #1 ($haystack) of type string is deprecated in C:\xampp\htdocs\AnimeShop\wp-includes\functions.php on line 7374
[13-May-2026 15:03:17 UTC] PHP Deprecated:  str_replace(): Passing null to parameter #3 ($subject) of type array|string is deprecated in C:\xampp\htdocs\AnimeShop\wp-includes\functions.php on line 2196
[13-May-2026 15:03:20 UTC] PHP Deprecated:  strpos(): Passing null to parameter #1 ($haystack) of type string is deprecated in C:\xampp\htdocs\AnimeShop\wp-includes\functions.php on line 7374
[13-May-2026 15:03:20 UTC] PHP Deprecated:  str_replace(): Passing null to parameter #3 ($subject) of type array|string is deprecated in C:\xampp\htdocs\AnimeShop\wp-includes\functions.php on line 2196
[13-May-2026 15:03:22 UTC] PHP Deprecated:  strpos(): Passing null to parameter #1 ($haystack) of type string is deprecated in C:\xampp\htdocs\AnimeShop\wp-includes\functions.php on line 7374
[13-May-2026 15:03:22 UTC] PHP Deprecated:  str_replace(): Passing null to parameter #3 ($subject) of type array|string is deprecated in C:\xampp\htdocs\AnimeShop\wp-includes\functions.php on line 2196
[14-May-2026 04:07:18 UTC] Automatic updates starting...
[14-May-2026 04:07:23 UTC] Automatic updates complete.
[14-May-2026 04:09:23 UTC] PHP Warning:  Cannot modify header information - headers already sent by (output started at C:\xampp\htdocs\AnimeShop\wp-includes\class-wp-styles.php:208) in C:\xampp\htdocs\AnimeShop\wp-content\plugins\anime-shop\anime-shop.php on line 392
[14-May-2026 04:09:34 UTC] PHP Warning:  Cannot modify header information - headers already sent by (output started at C:\xampp\htdocs\AnimeShop\wp-includes\class-wp-styles.php:208) in C:\xampp\htdocs\AnimeShop\wp-content\plugins\anime-shop\anime-shop.php on line 392
[14-May-2026 04:18:39 UTC] PHP Deprecated:  strpos(): Passing null to parameter #1 ($haystack) of type string is deprecated in C:\xampp\htdocs\AnimeShop\wp-includes\functions.php on line 7374
[14-May-2026 04:18:39 UTC] PHP Deprecated:  str_replace(): Passing null to parameter #3 ($subject) of type array|string is deprecated in C:\xampp\htdocs\AnimeShop\wp-includes\functions.php on line 2196
[14-May-2026 04:29:03 UTC] PHP Deprecated:  strpos(): Passing null to parameter #1 ($haystack) of type string is deprecated in C:\xampp\htdocs\AnimeShop\wp-includes\functions.php on line 7374
[14-May-2026 04:29:03 UTC] PHP Deprecated:  str_replace(): Passing null to parameter #3 ($subject) of type array|string is deprecated in C:\xampp\htdocs\AnimeShop\wp-includes\functions.php on line 2196
[14-May-2026 04:29:12 UTC] PHP Deprecated:  strpos(): Passing null to parameter #1 ($haystack) of type string is deprecated in C:\xampp\htdocs\AnimeShop\wp-includes\functions.php on line 7374
[14-May-2026 04:29:12 UTC] PHP Deprecated:  str_replace(): Passing null to parameter #3 ($subject) of type array|string is deprecated in C:\xampp\htdocs\AnimeShop\wp-includes\functions.php on line 2196
[14-May-2026 04:29:13 UTC] PHP Deprecated:  strpos(): Passing null to parameter #1 ($haystack) of type string is deprecated in C:\xampp\htdocs\AnimeShop\wp-includes\functions.php on line 7374
[14-May-2026 04:29:13 UTC] PHP Deprecated:  str_replace(): Passing null to parameter #3 ($subject) of type array|string is deprecated in C:\xampp\htdocs\AnimeShop\wp-includes\functions.php on line 2196
[14-May-2026 04:29:15 UTC] PHP Deprecated:  strpos(): Passing null to parameter #1 ($haystack) of type string is deprecated in C:\xampp\htdocs\AnimeShop\wp-includes\functions.php on line 7374
[14-May-2026 04:29:16 UTC] PHP Deprecated:  str_replace(): Passing null to parameter #3 ($subject) of type array|string is deprecated in C:\xampp\htdocs\AnimeShop\wp-includes\functions.php on line 2196
[14-May-2026 04:29:20 UTC] PHP Deprecated:  strpos(): Passing null to parameter #1 ($haystack) of type string is deprecated in C:\xampp\htdocs\AnimeShop\wp-includes\functions.php on line 7374
[14-May-2026 04:29:20 UTC] PHP Deprecated:  str_replace(): Passing null to parameter #3 ($subject) of type array|string is deprecated in C:\xampp\htdocs\AnimeShop\wp-includes\functions.php on line 2196
[14-May-2026 04:29:24 UTC] PHP Deprecated:  strpos(): Passing null to parameter #1 ($haystack) of type string is deprecated in C:\xampp\htdocs\AnimeShop\wp-includes\functions.php on line 7374
[14-May-2026 04:29:24 UTC] PHP Deprecated:  str_replace(): Passing null to parameter #3 ($subject) of type array|string is deprecated in C:\xampp\htdocs\AnimeShop\wp-includes\functions.php on line 2196
[14-May-2026 04:29:26 UTC] PHP Deprecated:  strpos(): Passing null to parameter #1 ($haystack) of type string is deprecated in C:\xampp\htdocs\AnimeShop\wp-includes\functions.php on line 7374
[14-May-2026 04:29:26 UTC] PHP Deprecated:  str_replace(): Passing null to parameter #3 ($subject) of type array|string is deprecated in C:\xampp\htdocs\AnimeShop\wp-includes\functions.php on line 2196
[14-May-2026 04:29:58 UTC] PHP Deprecated:  strpos(): Passing null to parameter #1 ($haystack) of type string is deprecated in C:\xampp\htdocs\AnimeShop\wp-includes\functions.php on line 7374
[14-May-2026 04:29:58 UTC] PHP Deprecated:  str_replace(): Passing null to parameter #3 ($subject) of type array|string is deprecated in C:\xampp\htdocs\AnimeShop\wp-includes\functions.php on line 2196
[14-May-2026 04:30:43 UTC] PHP Deprecated:  strpos(): Passing null to parameter #1 ($haystack) of type string is deprecated in C:\xampp\htdocs\AnimeShop\wp-includes\functions.php on line 7374
[14-May-2026 04:30:43 UTC] PHP Deprecated:  str_replace(): Passing null to parameter #3 ($subject) of type array|string is deprecated in C:\xampp\htdocs\AnimeShop\wp-includes\functions.php on line 2196
[14-May-2026 04:31:27 UTC] PHP Deprecated:  strpos(): Passing null to parameter #1 ($haystack) of type string is deprecated in C:\xampp\htdocs\AnimeShop\wp-includes\functions.php on line 7374
[14-May-2026 04:31:27 UTC] PHP Deprecated:  str_replace(): Passing null to parameter #3 ($subject) of type array|string is deprecated in C:\xampp\htdocs\AnimeShop\wp-includes\functions.php on line 2196
[14-May-2026 04:40:10 UTC] PHP Deprecated:  strpos(): Passing null to parameter #1 ($haystack) of type string is deprecated in C:\xampp\htdocs\AnimeShop\wp-includes\functions.php on line 7374
[14-May-2026 04:40:10 UTC] PHP Deprecated:  str_replace(): Passing null to parameter #3 ($subject) of type array|string is deprecated in C:\xampp\htdocs\AnimeShop\wp-includes\functions.php on line 2196
[14-May-2026 04:44:10 UTC] PHP Deprecated:  strpos(): Passing null to parameter #1 ($haystack) of type string is deprecated in C:\xampp\htdocs\AnimeShop\wp-includes\functions.php on line 7374
[14-May-2026 04:44:10 UTC] PHP Deprecated:  str_replace(): Passing null to parameter #3 ($subject) of type array|string is deprecated in C:\xampp\htdocs\AnimeShop\wp-includes\functions.php on line 2196
[14-May-2026 04:44:23 UTC] PHP Deprecated:  strpos(): Passing null to parameter #1 ($haystack) of type string is deprecated in C:\xampp\htdocs\AnimeShop\wp-includes\functions.php on line 7374
[14-May-2026 04:44:23 UTC] PHP Deprecated:  str_replace(): Passing null to parameter #3 ($subject) of type array|string is deprecated in C:\xampp\htdocs\AnimeShop\wp-includes\functions.php on line 2196
[14-May-2026 04:44:33 UTC] PHP Deprecated:  strpos(): Passing null to parameter #1 ($haystack) of type string is deprecated in C:\xampp\htdocs\AnimeShop\wp-includes\functions.php on line 7374
[14-May-2026 04:44:33 UTC] PHP Deprecated:  str_replace(): Passing null to parameter #3 ($subject) of type array|string is deprecated in C:\xampp\htdocs\AnimeShop\wp-includes\functions.php on line 2196
[14-May-2026 04:44:38 UTC] PHP Deprecated:  strpos(): Passing null to parameter #1 ($haystack) of type string is deprecated in C:\xampp\htdocs\AnimeShop\wp-includes\functions.php on line 7374
[14-May-2026 04:44:38 UTC] PHP Deprecated:  str_replace(): Passing null to parameter #3 ($subject) of type array|string is deprecated in C:\xampp\htdocs\AnimeShop\wp-includes\functions.php on line 2196
[14-May-2026 04:44:44 UTC] PHP Deprecated:  strpos(): Passing null to parameter #1 ($haystack) of type string is deprecated in C:\xampp\htdocs\AnimeShop\wp-includes\functions.php on line 7374
[14-May-2026 04:44:44 UTC] PHP Deprecated:  str_replace(): Passing null to parameter #3 ($subject) of type array|string is deprecated in C:\xampp\htdocs\AnimeShop\wp-includes\functions.php on line 2196
[14-May-2026 04:45:01 UTC] PHP Deprecated:  strpos(): Passing null to parameter #1 ($haystack) of type string is deprecated in C:\xampp\htdocs\AnimeShop\wp-includes\functions.php on line 7374
[14-May-2026 04:45:01 UTC] PHP Deprecated:  str_replace(): Passing null to parameter #3 ($subject) of type array|string is deprecated in C:\xampp\htdocs\AnimeShop\wp-includes\functions.php on line 2196
[14-May-2026 04:45:04 UTC] PHP Deprecated:  strpos(): Passing null to parameter #1 ($haystack) of type string is deprecated in C:\xampp\htdocs\AnimeShop\wp-includes\functions.php on line 7374
[14-May-2026 04:45:04 UTC] PHP Deprecated:  str_replace(): Passing null to parameter #3 ($subject) of type array|string is deprecated in C:\xampp\htdocs\AnimeShop\wp-includes\functions.php on line 2196
[14-May-2026 04:45:10 UTC] PHP Deprecated:  strpos(): Passing null to parameter #1 ($haystack) of type string is deprecated in C:\xampp\htdocs\AnimeShop\wp-includes\functions.php on line 7374
[14-May-2026 04:45:10 UTC] PHP Deprecated:  str_replace(): Passing null to parameter #3 ($subject) of type array|string is deprecated in C:\xampp\htdocs\AnimeShop\wp-includes\functions.php on line 2196
[14-May-2026 04:45:22 UTC] PHP Deprecated:  strpos(): Passing null to parameter #1 ($haystack) of type string is deprecated in C:\xampp\htdocs\AnimeShop\wp-includes\functions.php on line 7374
[14-May-2026 04:45:22 UTC] PHP Deprecated:  str_replace(): Passing null to parameter #3 ($subject) of type array|string is deprecated in C:\xampp\htdocs\AnimeShop\wp-includes\functions.php on line 2196
[14-May-2026 04:45:31 UTC] PHP Deprecated:  strpos(): Passing null to parameter #1 ($haystack) of type string is deprecated in C:\xampp\htdocs\AnimeShop\wp-includes\functions.php on line 7374
[14-May-2026 04:45:31 UTC] PHP Deprecated:  str_replace(): Passing null to parameter #3 ($subject) of type array|string is deprecated in C:\xampp\htdocs\AnimeShop\wp-includes\functions.php on line 2196
[14-May-2026 04:45:37 UTC] PHP Deprecated:  strpos(): Passing null to parameter #1 ($haystack) of type string is deprecated in C:\xampp\htdocs\AnimeShop\wp-includes\functions.php on line 7374
[14-May-2026 04:45:37 UTC] PHP Deprecated:  str_replace(): Passing null to parameter #3 ($subject) of type array|string is deprecated in C:\xampp\htdocs\AnimeShop\wp-includes\functions.php on line 2196
[14-May-2026 04:47:12 UTC] PHP Deprecated:  strpos(): Passing null to parameter #1 ($haystack) of type string is deprecated in C:\xampp\htdocs\AnimeShop\wp-includes\functions.php on line 7374
[14-May-2026 04:47:12 UTC] PHP Deprecated:  str_replace(): Passing null to parameter #3 ($subject) of type array|string is deprecated in C:\xampp\htdocs\AnimeShop\wp-includes\functions.php on line 2196
[14-May-2026 04:50:14 UTC] PHP Deprecated:  strpos(): Passing null to parameter #1 ($haystack) of type string is deprecated in C:\xampp\htdocs\AnimeShop\wp-includes\functions.php on line 7374
[14-May-2026 04:50:14 UTC] PHP Deprecated:  str_replace(): Passing null to parameter #3 ($subject) of type array|string is deprecated in C:\xampp\htdocs\AnimeShop\wp-includes\functions.php on line 2196
[14-May-2026 05:03:14 UTC] PHP Deprecated:  strpos(): Passing null to parameter #1 ($haystack) of type string is deprecated in C:\xampp\htdocs\AnimeShop\wp-includes\functions.php on line 7374
[14-May-2026 05:03:14 UTC] PHP Deprecated:  str_replace(): Passing null to parameter #3 ($subject) of type array|string is deprecated in C:\xampp\htdocs\AnimeShop\wp-includes\functions.php on line 2196
[14-May-2026 05:03:24 UTC] PHP Deprecated:  strpos(): Passing null to parameter #1 ($haystack) of type string is deprecated in C:\xampp\htdocs\AnimeShop\wp-includes\functions.php on line 7374
[14-May-2026 05:03:24 UTC] PHP Deprecated:  str_replace(): Passing null to parameter #3 ($subject) of type array|string is deprecated in C:\xampp\htdocs\AnimeShop\wp-includes\functions.php on line 2196
[14-May-2026 05:03:26 UTC] PHP Deprecated:  strpos(): Passing null to parameter #1 ($haystack) of type string is deprecated in C:\xampp\htdocs\AnimeShop\wp-includes\functions.php on line 7374
[14-May-2026 05:03:26 UTC] PHP Deprecated:  str_replace(): Passing null to parameter #3 ($subject) of type array|string is deprecated in C:\xampp\htdocs\AnimeShop\wp-includes\functions.php on line 2196
[14-May-2026 05:03:44 UTC] PHP Deprecated:  strpos(): Passing null to parameter #1 ($haystack) of type string is deprecated in C:\xampp\htdocs\AnimeShop\wp-includes\functions.php on line 7374
[14-May-2026 05:03:44 UTC] PHP Deprecated:  str_replace(): Passing null to parameter #3 ($subject) of type array|string is deprecated in C:\xampp\htdocs\AnimeShop\wp-includes\functions.php on line 2196
[14-May-2026 05:03:45 UTC] PHP Deprecated:  strpos(): Passing null to parameter #1 ($haystack) of type string is deprecated in C:\xampp\htdocs\AnimeShop\wp-includes\functions.php on line 7374
[14-May-2026 05:03:45 UTC] PHP Deprecated:  str_replace(): Passing null to parameter #3 ($subject) of type array|string is deprecated in C:\xampp\htdocs\AnimeShop\wp-includes\functions.php on line 2196
[14-May-2026 22:25:26 UTC] PHP Deprecated:  strpos(): Passing null to parameter #1 ($haystack) of type string is deprecated in C:\xampp\htdocs\AnimeShop\wp-includes\functions.php on line 7374
[14-May-2026 22:25:26 UTC] PHP Deprecated:  str_replace(): Passing null to parameter #3 ($subject) of type array|string is deprecated in C:\xampp\htdocs\AnimeShop\wp-includes\functions.php on line 2196
[14-May-2026 22:25:33 UTC] PHP Warning:  Cannot modify header information - headers already sent by (output started at C:\xampp\htdocs\AnimeShop\wp-includes\class-wp-styles.php:208) in C:\xampp\htdocs\AnimeShop\wp-content\plugins\anime-shop\anime-shop.php on line 392
[14-May-2026 22:25:35 UTC] PHP Warning:  Cannot modify header information - headers already sent by (output started at C:\xampp\htdocs\AnimeShop\wp-includes\class-wp-styles.php:208) in C:\xampp\htdocs\AnimeShop\wp-content\plugins\anime-shop\anime-shop.php on line 392
[14-May-2026 22:25:35 UTC] PHP Warning:  Cannot modify header information - headers already sent by (output started at C:\xampp\htdocs\AnimeShop\wp-includes\class-wp-styles.php:208) in C:\xampp\htdocs\AnimeShop\wp-content\plugins\anime-shop\anime-shop.php on line 392
[14-May-2026 22:25:36 UTC] PHP Warning:  Cannot modify header information - headers already sent by (output started at C:\xampp\htdocs\AnimeShop\wp-includes\class-wp-styles.php:208) in C:\xampp\htdocs\AnimeShop\wp-content\plugins\anime-shop\anime-shop.php on line 392
[14-May-2026 22:25:37 UTC] PHP Warning:  Cannot modify header information - headers already sent by (output started at C:\xampp\htdocs\AnimeShop\wp-includes\class-wp-styles.php:208) in C:\xampp\htdocs\AnimeShop\wp-content\plugins\anime-shop\anime-shop.php on line 392
[14-May-2026 22:25:38 UTC] Automatic updates starting...
[14-May-2026 22:25:40 UTC] Automatic updates complete.
[14-May-2026 22:25:41 UTC] PHP Deprecated:  strpos(): Passing null to parameter #1 ($haystack) of type string is deprecated in C:\xampp\htdocs\AnimeShop\wp-includes\functions.php on line 7374
[14-May-2026 22:25:41 UTC] PHP Deprecated:  str_replace(): Passing null to parameter #3 ($subject) of type array|string is deprecated in C:\xampp\htdocs\AnimeShop\wp-includes\functions.php on line 2196
[14-May-2026 22:33:40 UTC] PHP Warning:  Cannot modify header information - headers already sent by (output started at C:\xampp\htdocs\AnimeShop\wp-includes\class-wp-styles.php:208) in C:\xampp\htdocs\AnimeShop\wp-content\plugins\anime-shop\anime-shop.php on line 407
[14-May-2026 22:33:46 UTC] PHP Warning:  Cannot modify header information - headers already sent by (output started at C:\xampp\htdocs\AnimeShop\wp-includes\class-wp-styles.php:208) in C:\xampp\htdocs\AnimeShop\wp-content\plugins\anime-shop\anime-shop.php on line 407
[14-May-2026 22:34:09 UTC] PHP Deprecated:  strpos(): Passing null to parameter #1 ($haystack) of type string is deprecated in C:\xampp\htdocs\AnimeShop\wp-includes\functions.php on line 7374
[14-May-2026 22:34:09 UTC] PHP Deprecated:  str_replace(): Passing null to parameter #3 ($subject) of type array|string is deprecated in C:\xampp\htdocs\AnimeShop\wp-includes\functions.php on line 2196
[14-May-2026 22:34:13 UTC] PHP Deprecated:  strpos(): Passing null to parameter #1 ($haystack) of type string is deprecated in C:\xampp\htdocs\AnimeShop\wp-includes\functions.php on line 7374
[14-May-2026 22:34:13 UTC] PHP Deprecated:  str_replace(): Passing null to parameter #3 ($subject) of type array|string is deprecated in C:\xampp\htdocs\AnimeShop\wp-includes\functions.php on line 2196
[14-May-2026 22:34:14 UTC] PHP Deprecated:  strpos(): Passing null to parameter #1 ($haystack) of type string is deprecated in C:\xampp\htdocs\AnimeShop\wp-includes\functions.php on line 7374
[14-May-2026 22:34:14 UTC] PHP Deprecated:  str_replace(): Passing null to parameter #3 ($subject) of type array|string is deprecated in C:\xampp\htdocs\AnimeShop\wp-includes\functions.php on line 2196
[14-May-2026 22:53:24 UTC] PHP Deprecated:  strpos(): Passing null to parameter #1 ($haystack) of type string is deprecated in C:\xampp\htdocs\AnimeShop\wp-includes\functions.php on line 7374
[14-May-2026 22:53:24 UTC] PHP Deprecated:  str_replace(): Passing null to parameter #3 ($subject) of type array|string is deprecated in C:\xampp\htdocs\AnimeShop\wp-includes\functions.php on line 2196
[14-May-2026 22:53:24 UTC] PHP Deprecated:  strip_tags(): Passing null to parameter #1 ($string) of type string is deprecated in C:\xampp\htdocs\AnimeShop\wp-admin\admin-header.php on line 41
[14-May-2026 22:53:27 UTC] PHP Deprecated:  strpos(): Passing null to parameter #1 ($haystack) of type string is deprecated in C:\xampp\htdocs\AnimeShop\wp-includes\functions.php on line 7374
[14-May-2026 22:53:27 UTC] PHP Deprecated:  str_replace(): Passing null to parameter #3 ($subject) of type array|string is deprecated in C:\xampp\htdocs\AnimeShop\wp-includes\functions.php on line 2196
[14-May-2026 22:59:13 UTC] Automatic updates starting...
[14-May-2026 22:59:13 UTC] Automatic updates complete.
[14-May-2026 23:03:36 UTC] PHP Deprecated:  strpos(): Passing null to parameter #1 ($haystack) of type string is deprecated in C:\xampp\htdocs\AnimeShop\wp-includes\functions.php on line 7374
[14-May-2026 23:03:36 UTC] PHP Deprecated:  str_replace(): Passing null to parameter #3 ($subject) of type array|string is deprecated in C:\xampp\htdocs\AnimeShop\wp-includes\functions.php on line 2196
[14-May-2026 23:16:05 UTC] PHP Deprecated:  strpos(): Passing null to parameter #1 ($haystack) of type string is deprecated in C:\xampp\htdocs\AnimeShop\wp-includes\functions.php on line 7374
[14-May-2026 23:16:05 UTC] PHP Deprecated:  str_replace(): Passing null to parameter #3 ($subject) of type array|string is deprecated in C:\xampp\htdocs\AnimeShop\wp-includes\functions.php on line 2196
[14-May-2026 23:16:09 UTC] PHP Deprecated:  strpos(): Passing null to parameter #1 ($haystack) of type string is deprecated in C:\xampp\htdocs\AnimeShop\wp-includes\functions.php on line 7374
[14-May-2026 23:16:09 UTC] PHP Deprecated:  str_replace(): Passing null to parameter #3 ($subject) of type array|string is deprecated in C:\xampp\htdocs\AnimeShop\wp-includes\functions.php on line 2196
